# This file uses centimeters as units for non-parametric coordinates.

mtllib Witness.mtl
g default
v -10.026814 153.977432 9.463249
v -9.105846 159.750381 15.645422
v -10.416561 159.745224 12.424438
v 6.201913 166.292374 11.128378
v 9.848888 170.402084 9.463249
v 7.595059 170.123459 9.463249
v 9.201729 162.181061 8.105690
v 13.470999 158.630157 7.021946
v 13.749647 166.222702 9.000906
v 9.201729 162.181061 8.105690
v 10.266811 155.634933 6.857254
v 13.470999 158.630157 7.021946
v -9.105846 159.750381 15.645422
v -8.328587 164.176468 13.540276
v -10.416561 159.745224 12.424438
v 6.201913 166.292374 11.128378
v 6.480561 171.516586 9.463249
v -9.105846 159.750381 15.645422
v 6.201913 166.292374 11.128378
v 7.595059 170.123459 9.463249
v 6.480561 171.516586 9.463249
v 6.480561 171.516586 9.463249
v -4.037562 175.278030 9.463249
v -6.057593 170.471741 11.131647
v 9.201729 162.181061 8.105690
v 8.595051 150.016129 3.781304
v 10.266811 155.634933 6.857254
v -10.026814 153.977432 9.463249
v -8.333488 150.864929 4.647342
v -9.105846 159.750381 15.645422
v 6.201913 166.292374 11.128378
v 9.201729 162.181061 8.105690
v 13.749647 166.222702 9.000906
v 13.749647 166.222702 9.000906
v 9.848888 170.402084 9.463249
v 6.201913 166.292374 11.128378
v -6.057593 170.579773 -12.300177
v -4.037562 173.701767 -10.640823
v 6.480561 171.564194 -11.916870
v -14.253860 159.735336 9.463250
v -13.869221 159.735336 5.037773
v -10.026814 153.977432 3.838993
v -10.026814 153.977432 3.838993
v -10.026814 153.977432 9.463249
v -14.253860 159.735336 9.463250
v 9.848888 170.402084 9.463249
v 9.711857 170.075729 0.399815
v 7.595059 170.123459 0.399815
v 7.595059 170.123459 0.399815
v 7.595059 170.123459 9.463249
v 9.848888 170.402084 9.463249
v 13.749647 166.222702 9.000906
v 13.470999 158.630157 7.021946
v 13.612614 165.896332 0.399812
v -6.057593 170.471741 11.131647
v -6.057593 170.471741 5.037773
v -12.337833 167.250275 5.037773
v -12.337833 167.250275 5.037773
v -12.722473 167.250275 9.463249
v -6.057593 170.471741 11.131647
v 6.201913 166.292374 11.128378
v -7.081180 158.670517 13.876656
v 6.201913 166.292374 5.037773
v -4.037562 175.278030 9.463249
v 6.480561 171.516586 9.463249
v -4.037562 174.158630 5.037774
v -6.057593 170.471741 11.131647
v -4.037562 175.278030 9.463249
v -6.057593 170.471741 5.037773
v 8.595051 150.016129 3.781304
v 9.201729 162.181061 8.105690
v 8.595051 160.789490 5.037773
v 8.595051 160.789490 5.037773
v 8.595051 149.949509 1.962325
v 8.595051 150.016129 3.781304
v 10.266811 155.634933 6.857254
v 10.127506 150.057709 3.781304
v 10.127506 149.991074 1.962325
v -9.985958 150.848892 4.654202
v -10.026814 153.977432 9.463249
v -10.026814 153.977432 3.838993
v -10.026814 153.977432 3.838993
v -9.985958 151.245667 1.789342
v -9.985958 150.848892 4.654202
v -9.967522 147.430222 3.664287
v -9.967522 147.431168 2.162858
v -8.315052 147.431198 2.162858
v -8.315052 147.431198 2.162858
v -8.315052 147.430252 3.492669
v -9.967522 147.430222 3.664287
v -9.105846 159.750381 15.645422
v -8.333488 150.864929 4.647342
v -7.081180 158.670517 13.876656
v 6.201913 166.292374 11.128378
v 6.201913 166.292374 5.037773
v 8.595051 160.789490 5.037773
v 8.595051 160.789490 5.037773
v 9.201729 162.181061 8.105690
v 6.201913 166.292374 11.128378
v 13.749647 166.222702 9.000906
v 13.612614 165.896332 0.399812
v 9.711857 170.075729 0.399815
v 9.711857 170.075729 0.399815
v 9.848888 170.402084 9.463249
v 13.749647 166.222702 9.000906
v 6.480561 171.516586 9.463249
v -6.057593 170.471741 11.131647
v -8.328587 164.176468 13.540276
v -8.328587 164.176468 13.540276
v -6.057593 170.471741 11.131647
v -12.722473 167.250275 9.463249
v -8.328587 164.176468 13.540276
v -12.722473 167.250275 9.463249
v -10.416561 159.745224 12.424438
v -10.416561 159.745224 12.424438
v -14.253860 159.735336 9.463250
v -10.026814 153.977432 9.463249
v 6.480561 171.516586 9.463249
v -8.328587 164.176468 13.540276
v -9.105846 159.750381 15.645422
v -12.962612 159.735336 -4.238147
v -10.026814 153.977432 -13.461485
v -10.026814 153.977432 -4.080477
v 9.848888 170.514145 -12.325729
v 7.595059 170.251617 -13.157053
v 7.595059 170.123459 0.399815
v 7.595059 170.123459 0.399815
v 9.711857 170.075729 0.399815
v 9.848888 170.514145 -12.325729
v 11.963444 158.630157 -4.238147
v 13.749647 166.576462 -13.858973
v 13.612614 165.896332 0.399812
v 10.266811 155.634933 -13.070204
v 13.470999 158.966629 -16.682981
v 11.963444 158.630157 -4.238147
v 11.963444 158.630157 -4.238147
v 10.266811 155.634933 -4.080476
v 10.266811 155.634933 -13.070204
v -12.722473 167.250275 -4.238148
v -14.253860 160.007889 -16.277536
v -12.962612 159.735336 -4.238147
v -6.057593 170.579773 -12.300177
v -12.722473 167.544617 -14.211096
v -12.722473 167.250275 -4.238148
v -12.722473 167.250275 -4.238148
v -6.057593 170.471741 -4.238145
v -6.057593 170.579773 -12.300177
v 7.595059 170.251617 -13.157053
v 6.480561 171.564194 -11.916870
v 6.480561 171.516586 -4.238147
v 6.480561 171.516586 -4.238147
v 7.595059 170.123459 0.399815
v 7.595059 170.251617 -13.157053
v 6.480561 171.516586 -4.238147
v 6.480561 171.564194 -11.916870
v -4.037562 175.713516 -1.478103
v -4.037562 175.713516 -1.478103
v -6.057593 170.579773 -12.300177
v -6.057593 170.471741 -4.238145
v 9.349636 139.445602 -6.857336
v 9.349636 139.626663 -9.899355
v 10.266811 155.634933 -4.080476
v -10.026814 153.977432 -4.080477
v -9.985958 140.881256 -9.899353
v -9.985958 140.881256 -6.513677
v -9.985958 140.881256 -6.513677
v -8.333488 140.897293 -8.038309
v -8.333488 141.029175 -7.140989
v 13.749647 166.576462 -13.858973
v 9.848888 170.514145 -12.325729
v 9.711857 170.075729 0.399815
v 9.711857 170.075729 0.399815
v 13.612614 165.896332 0.399812
v 13.749647 166.576462 -13.858973
v -8.031357 149.610550 -4.874986
v -8.333488 140.897293 -8.038309
v 7.817181 139.585098 -8.038309
v 8.595051 160.789490 -2.889375
v 6.201913 166.292374 -4.238148
v -8.338211 159.750381 0.201710
v 10.266811 155.634933 -13.070204
v 9.349636 139.626663 -9.899355
v 7.817181 139.585098 -13.035322
v 10.266811 155.634933 -13.070204
v 7.817181 139.585098 -13.035322
v 2.601754 155.008896 -14.859831
v -10.026814 153.977432 -13.461485
v -8.333488 140.897293 -12.644039
v -9.985958 140.881256 -9.899353
v 13.470999 158.966629 -16.682981
v 2.601754 155.008896 -14.859831
v 1.562882 159.413864 -18.120718
v -13.869221 159.735336 5.037773
v -12.962612 159.735336 -4.238147
v -10.026814 153.977432 3.838993
v 13.470999 158.630157 7.021946
v 11.963444 158.630157 -4.238147
v 13.612614 165.896332 0.399812
v 10.266811 155.634933 -4.080476
v 11.963444 158.630157 -4.238147
v 13.470999 158.630157 7.021946
v 13.470999 158.630157 7.021946
v 10.266811 155.634933 6.857254
v 10.266811 155.634933 -4.080476
v -12.337833 167.250275 5.037773
v -12.962612 159.735336 -4.238147
v -13.869221 159.735336 5.037773
v -6.057593 170.471741 -4.238145
v -12.722473 167.250275 -4.238148
v -12.337833 167.250275 5.037773
v -12.337833 167.250275 5.037773
v -6.057593 170.471741 5.037773
v -6.057593 170.471741 -4.238145
v 7.595059 170.123459 0.399815
v 6.480561 171.516586 -4.238147
v 6.480561 171.516586 5.037773
v 6.480561 171.516586 5.037773
v -4.037562 175.713516 -1.478103
v -4.037562 174.158630 5.037774
v -4.037562 174.158630 5.037774
v -4.037562 175.713516 -1.478103
v -6.057593 170.471741 5.037773
v 10.127506 149.991074 1.962325
v 10.127506 153.026978 0.691283
v 10.266811 155.634933 6.857254
v -10.026814 153.977432 3.838993
v -9.985958 152.955246 0.986619
v -9.985958 151.245667 1.789342
v -9.985958 152.955246 0.986619
v -8.333485 152.971268 1.111328
v -8.333488 151.261703 1.789342
v -8.333488 151.261703 1.789342
v -9.985958 151.245667 1.789342
v -9.985958 152.955246 0.986619
v -8.333488 151.261703 1.789342
v -8.333485 152.971268 1.111328
v -8.338211 159.750381 8.558495
v -8.333488 150.864929 4.647342
v -9.985958 150.848892 4.654202
v -8.315052 147.430252 3.492669
v -9.985958 150.848892 4.654202
v -9.985958 151.245667 1.789342
v -9.967522 147.431168 2.162858
v -9.967522 147.431168 2.162858
v -9.967522 147.430222 3.664287
v -9.985958 150.848892 4.654202
v -9.985958 151.245667 1.789342
v -8.333488 151.261703 1.789342
v -8.315052 147.431198 2.162858
v -8.315052 147.431198 2.162858
v -9.967522 147.431168 2.162858
v -9.985958 151.245667 1.789342
v -8.333488 151.261703 1.789342
v -8.333488 150.864929 4.647342
v -8.315052 147.430252 3.492669
v -8.315052 147.430252 3.492669
v -8.315052 147.431198 2.162858
v -8.333488 151.261703 1.789342
v -12.722473 167.544617 -14.211096
v -6.057593 170.579773 -12.300177
v 7.595059 170.251617 -13.157053
v 7.595059 170.251617 -13.157053
v 9.848888 170.514145 -12.325729
v 13.749647 166.576462 -13.858973
v 6.480561 171.564194 -11.916870
v -4.037562 173.701767 -10.640823
v -4.037562 175.713516 -1.478103
v -4.037562 175.713516 -1.478103
v -4.037562 173.701767 -10.640823
v -6.057593 170.579773 -12.300177
v -8.333488 140.897293 -12.644039
v -10.026814 153.977432 -13.461485
v 2.601754 155.008896 -14.859831
v 7.817181 139.457962 -6.921121
v 9.349636 139.626663 -9.899355
v 9.349636 139.445602 -6.857336
v 10.127506 153.151733 -3.359272
v 9.349636 139.445602 -6.857336
v 10.266811 155.634933 -4.080476
v 10.127506 153.026978 0.691283
v 10.127506 153.110352 -0.734606
v 10.266811 155.634933 6.857254
v 8.595051 160.789490 -2.889375
v 8.595051 153.068771 -0.734606
v 8.595051 152.985413 0.691283
v 8.595051 160.789490 -2.889375
v 7.817181 139.585098 -8.038309
v 7.817181 139.457962 -6.921121
v 7.817181 139.457962 -6.921121
v 8.595051 153.110168 -3.359272
v 8.595051 160.789490 -2.889375
v 10.127506 153.110352 -0.734606
v 10.127506 153.151733 -3.359272
v 10.266811 155.634933 -4.080476
v 10.127506 153.110352 -0.734606
v 10.266811 155.634933 -4.080476
v 10.266811 155.634933 6.857254
v 8.595051 160.789490 -2.889375
v 8.595051 153.110168 -3.359272
v 8.595051 153.068771 -0.734606
v 9.349636 139.445602 -6.857336
v 10.127506 153.151733 -3.359272
v 8.595051 153.110168 -3.359272
v 8.595051 153.110168 -3.359272
v 7.817181 139.457962 -6.921121
v 9.349636 139.445602 -6.857336
v 7.817181 139.457962 -6.921121
v 7.817181 139.585098 -8.038309
v 9.349636 139.626663 -9.899355
v 7.817181 139.585098 -8.038309
v 7.817181 139.585098 -13.035322
v 9.349636 139.626663 -9.899355
v 9.349636 139.626663 -9.899355
v 10.266811 155.634933 -13.070204
v 10.266811 155.634933 -4.080476
v 8.595051 150.016129 3.781304
v 10.127506 150.057709 3.781304
v 10.266811 155.634933 6.857254
v 6.480561 171.516586 5.037773
v 6.480561 171.516586 -4.238147
v -4.037562 175.713516 -1.478103
v 6.480561 171.516586 9.463249
v 6.480561 171.516586 5.037773
v -4.037562 174.158630 5.037774
v -4.037562 175.278030 9.463249
v -4.037562 174.158630 5.037774
v -6.057593 170.471741 5.037773
v -4.037562 175.713516 -1.478103
v -6.057593 170.471741 -4.238145
v -6.057593 170.471741 5.037773
v -10.026814 153.977432 9.463249
v -9.985958 150.848892 4.654202
v -8.333488 150.864929 4.647342
v -12.722473 167.250275 9.463249
v -14.253860 159.735336 9.463250
v -10.416561 159.745224 12.424438
v -6.057593 170.579773 -12.300177
v 6.480561 171.564194 -11.916870
v 7.595059 170.251617 -13.157053
v -14.253860 160.007889 -16.277536
v -12.722473 167.544617 -14.211096
v -0.089576 163.407516 -17.015146
v -9.985958 152.955246 0.986619
v -9.985958 153.251236 -0.698596
v -8.333485 152.971268 1.111328
v -9.985958 153.251236 -0.698596
v -9.985958 153.309906 -3.582591
v -8.333488 153.542740 -3.671337
v -10.026814 153.977432 3.838993
v -9.985958 153.251236 -0.698596
v -9.985958 152.955246 0.986619
v 7.817181 139.585098 -8.038309
v -6.758068 152.981369 -3.670437
v -8.031357 149.610550 -4.874986
v -8.333488 141.029175 -7.140989
v -8.333488 140.897293 -8.038309
v -8.031357 149.610550 -4.874986
v -8.333485 152.971268 1.111328
v -8.333488 153.542740 -3.671337
v -8.338211 159.750381 0.201710
v -8.333485 152.971268 1.111328
v -8.338211 159.750381 0.201710
v -8.338211 159.750381 8.558495
v -9.985958 153.251236 -0.698596
v -8.333488 153.542740 -3.671337
v -8.333485 152.971268 1.111328
v -10.026814 153.977432 -4.080477
v -9.985958 140.881256 -6.513677
v -9.985958 153.309906 -3.582591
v -10.026814 153.977432 -4.080477
v -9.985958 153.309906 -3.582591
v -9.985958 153.251236 -0.698596
v -10.026814 153.977432 3.838993
v -10.026814 153.977432 -4.080477
v -9.985958 153.251236 -0.698596
v -8.333488 141.029175 -7.140989
v -8.333488 153.542740 -3.671337
v -9.985958 140.881256 -6.513677
v -9.985958 140.881256 -9.899353
v -8.333488 140.897293 -12.644039
v -8.333488 140.897293 -8.038309
v -9.985958 140.881256 -6.513677
v -9.985958 140.881256 -9.899353
v -8.333488 140.897293 -8.038309
v 8.595051 160.789490 -2.889375
v -8.338211 159.750381 0.201710
v -6.758068 152.981369 -3.670437
v -8.338211 159.750381 0.201710
v -8.333488 153.542740 -3.671337
v -6.758068 152.981369 -3.670437
v -8.333488 153.542740 -3.671337
v -8.333488 141.029175 -7.140989
v -8.031357 149.610550 -4.874986
v -8.333488 153.542740 -3.671337
v -8.031357 149.610550 -4.874986
v -6.758068 152.981369 -3.670437
v 7.817181 139.585098 -8.038309
v 8.595051 160.789490 -2.889375
v -6.758068 152.981369 -3.670437
v -8.333488 153.542740 -3.671337
v -9.985958 153.309906 -3.582591
v -9.985958 140.881256 -6.513677
v -10.026814 153.977432 -4.080477
v -10.026814 153.977432 -13.461485
v -9.985958 140.881256 -9.899353
v 11.963444 158.630157 -4.238147
v 13.470999 158.966629 -16.682981
v 13.749647 166.576462 -13.858973
v -12.722473 167.250275 -4.238148
v -12.722473 167.544617 -14.211096
v -14.253860 160.007889 -16.277536
v -12.337833 167.250275 5.037773
v -12.722473 167.250275 -4.238148
v -12.962612 159.735336 -4.238147
v -9.985958 150.848892 4.654202
v -9.967522 147.430222 3.664287
v -8.315052 147.430252 3.492669
v -8.333488 150.864929 4.647342
v -8.338211 159.750381 8.558495
v -7.081180 158.670517 13.876656
v -8.333488 150.864929 4.647342
v -8.333488 151.261703 1.789342
v -8.338211 159.750381 8.558495
v 6.201913 166.292374 11.128378
v -9.105846 159.750381 15.645422
v -7.081180 158.670517 13.876656
v -7.081180 158.670517 13.876656
v -8.338211 159.750381 8.558495
v 6.201913 166.292374 5.037773
v -12.962612 159.735336 -4.238147
v -10.026814 153.977432 -4.080477
v -10.026814 153.977432 3.838993
v -12.962612 159.735336 -4.238147
v -14.253860 160.007889 -16.277536
v -10.026814 153.977432 -13.461485
v 2.601754 155.008896 -14.859831
v 7.817181 139.585098 -13.035322
v -8.333488 140.897293 -12.644039
v 13.470999 158.966629 -16.682981
v 10.266811 155.634933 -13.070204
v 2.601754 155.008896 -14.859831
v 2.601754 155.008896 -14.859831
v -10.026814 153.977432 -13.461485
v -14.253860 160.007889 -16.277536
v 13.749647 166.576462 -13.858973
v 13.470999 158.966629 -16.682981
v -0.089576 163.407516 -17.015146
v -0.089576 163.407516 -17.015146
v 13.470999 158.966629 -16.682981
v 1.562882 159.413864 -18.120718
v 2.601754 155.008896 -14.859831
v -14.253860 160.007889 -16.277536
v 1.562882 159.413864 -18.120718
v 1.562882 159.413864 -18.120718
v -14.253860 160.007889 -16.277536
v -0.089576 163.407516 -17.015146
v -4.894514 138.988083 8.367758
v -7.992002 142.233429 8.769040
v -8.013186 142.239883 -9.569807
v -8.013186 142.239883 -9.569807
v -4.881933 138.997437 -9.068298
v -4.894514 138.988083 8.367758
v -9.296860 162.547394 6.096016
v -9.296926 165.034256 3.702416
v -9.296926 165.034225 -9.444256
v -9.296926 165.034225 -9.444256
v -9.296926 161.011505 -10.574514
v -9.296860 162.547394 6.096016
v 4.879588 138.988068 8.367758
v 4.867007 138.997437 -9.068300
v 7.998276 142.239899 -9.569809
v 7.998276 142.239899 -9.569809
v 7.977084 142.233414 8.769039
v 4.879588 138.988068 8.367758
v -8.689482 143.893448 8.903660
v -9.296926 159.149429 8.887449
v -9.296926 157.315170 -11.204409
v -9.296926 157.315170 -11.204409
v -8.763222 143.874603 -9.795092
v -8.689482 143.893448 8.903660
v 8.674562 143.893433 8.903658
v 8.748307 143.874619 -9.795095
v 9.281949 157.315170 -11.204411
v 9.281949 157.315170 -11.204411
v 9.281949 159.149429 8.887447
v 8.674562 143.893433 8.903658
v -9.296860 162.547394 6.096016
v -9.296926 159.149429 8.887449
v -6.755051 159.402435 11.451249
v -6.755051 159.402435 11.451249
v -6.754985 162.308640 9.853855
v -9.296860 162.547394 6.096016
v -6.755051 165.744766 6.546607
v -6.754985 167.576141 2.241960
v -9.296926 165.034256 3.702416
v 6.740076 159.402435 11.451249
v 9.281949 159.149429 8.887447
v 9.281949 162.547379 6.096014
v 9.281949 162.547379 6.096014
v 6.739946 162.308640 9.853851
v 6.740076 159.402435 11.451249
v 6.740076 165.744736 6.546606
v 9.281949 165.034256 3.702414
v 6.740076 167.576141 2.241960
v -3.948792 138.960693 10.927782
v -4.894514 138.988083 8.367758
v -0.775570 136.426178 8.220527
v 0.760649 136.426178 8.220525
v 4.879588 138.988068 8.367758
v 3.933831 138.960693 10.927782
v -6.754985 167.576126 -8.828485
v -6.754985 165.128983 -12.057970
v -9.296926 165.034225 -9.444256
v -9.296926 161.011505 -10.574514
v -6.754985 160.606979 -13.328506
v -6.755051 157.094971 -13.737446
v -6.755051 157.094971 -13.737446
v -9.296926 157.315170 -11.204409
v -9.296926 161.011505 -10.574514
v 9.281949 165.034225 -9.444256
v 6.740009 165.128983 -12.057972
v 6.740076 167.576126 -8.828487
v 9.281949 157.315170 -11.204411
v 6.740076 157.094971 -13.737448
v 6.740009 160.606979 -13.328514
v 6.740009 160.606979 -13.328514
v 9.281949 161.011505 -10.574514
v 9.281949 157.315170 -11.204411
v -4.881933 138.997437 -9.068298
v -3.995637 138.950760 -11.649023
v -0.775570 136.426178 -8.828476
v 0.760649 136.426178 -8.828476
v 3.980628 138.950760 -11.649027
v 4.867007 138.997437 -9.068300
v -7.992002 142.233429 8.769040
v -4.894514 138.988083 8.367758
v -3.948792 138.960693 10.927782
v -3.948792 138.960693 10.927782
v -6.063815 142.222946 11.312019
v -7.992002 142.233429 8.769040
v -6.020052 141.758026 -12.107176
v -3.995637 138.950760 -11.649023
v -4.881933 138.997437 -9.068298
v -4.881933 138.997437 -9.068298
v -8.013186 142.239883 -9.569807
v -6.020052 141.758026 -12.107176
v 6.048841 142.222961 11.312019
v 3.933831 138.960693 10.927782
v 4.879588 138.988068 8.367758
v 4.879588 138.988068 8.367758
v 7.977084 142.233414 8.769039
v 6.048841 142.222961 11.312019
v 7.998276 142.239899 -9.569809
v 4.867007 138.997437 -9.068300
v 3.980628 138.950760 -11.649027
v 3.980628 138.950760 -11.649027
v 6.005072 141.758026 -12.107178
v 7.998276 142.239899 -9.569809
v -6.755051 159.402435 11.451249
v -9.296926 159.149429 8.887449
v -8.689482 143.893448 8.903660
v -8.689482 143.893448 8.903660
v -6.754990 143.939575 11.453915
v -6.755051 159.402435 11.451249
v -6.754991 143.418442 -12.345278
v -8.763222 143.874603 -9.795092
v -9.296926 157.315170 -11.204409
v -9.296926 157.315170 -11.204409
v -6.755051 157.094971 -13.737446
v -6.754991 143.418442 -12.345278
v 6.740014 143.939590 11.453915
v 8.674562 143.893433 8.903658
v 9.281949 159.149429 8.887447
v 9.281949 159.149429 8.887447
v 6.740076 159.402435 11.451249
v 6.740014 143.939590 11.453915
v 6.740076 157.094971 -13.737448
v 9.281949 157.315170 -11.204411
v 8.748307 143.874619 -9.795095
v 8.748307 143.874619 -9.795095
v 6.740014 143.418442 -12.345278
v 6.740076 157.094971 -13.737448
v -8.763222 143.874603 -9.795092
v -8.013186 142.239883 -9.569807
v -7.992002 142.233429 8.769040
v -7.992002 142.233429 8.769040
v -8.689482 143.893448 8.903660
v -8.763222 143.874603 -9.795092
v 8.674562 143.893433 8.903658
v 7.977084 142.233414 8.769039
v 7.998276 142.239899 -9.569809
v 7.998276 142.239899 -9.569809
v 8.748307 143.874619 -9.795095
v 8.674562 143.893433 8.903658
v -6.063815 142.222946 11.312019
v -6.754990 143.939575 11.453915
v -8.689482 143.893448 8.903660
v -8.689482 143.893448 8.903660
v -7.992002 142.233429 8.769040
v -6.063815 142.222946 11.312019
v -8.013186 142.239883 -9.569807
v -8.763222 143.874603 -9.795092
v -6.754991 143.418442 -12.345278
v -6.754991 143.418442 -12.345278
v -6.020052 141.758026 -12.107176
v -8.013186 142.239883 -9.569807
v 7.977084 142.233414 8.769039
v 8.674562 143.893433 8.903658
v 6.740014 143.939590 11.453915
v 6.740014 143.939590 11.453915
v 6.048841 142.222961 11.312019
v 7.977084 142.233414 8.769039
v 6.005072 141.758026 -12.107178
v 6.740014 143.418442 -12.345278
v 8.748307 143.874619 -9.795095
v 8.748307 143.874619 -9.795095
v 7.998276 142.239899 -9.569809
v 6.005072 141.758026 -12.107178
v -9.347189 153.354965 0.853059
v -9.347185 153.351929 -3.620381
v -10.165333 153.187805 -3.620381
v -10.165333 153.187805 -3.620381
v -10.165335 153.189148 0.853059
v -9.347189 153.354965 0.853059
v 9.347189 153.354965 0.853059
v 10.165333 153.189148 0.853059
v 10.165331 153.187805 -3.620381
v 10.165331 153.187805 -3.620381
v 9.347184 153.351929 -3.620381
v 9.347189 153.354965 0.853059
v -5.693848 151.162781 11.711681
v -5.693903 149.915833 11.711681
v -4.613960 151.786255 11.711678
v -4.613960 151.786255 11.711678
v -5.237436 151.619186 11.711679
v -5.693848 151.162781 11.711681
v -4.613960 151.786255 11.711678
v -3.534129 149.915833 11.711679
v -3.534073 151.162781 11.711681
v -3.534073 151.162781 11.711681
v -3.990539 151.619186 11.711679
v -4.613960 151.786255 11.711678
v -3.534073 151.162781 11.711681
v -3.534129 149.915833 11.711679
v -3.367063 150.539291 11.711681
v -3.534129 149.915833 11.711679
v -5.693903 149.915833 11.711681
v -4.613960 149.292374 11.711678
v -4.613960 149.292374 11.711678
v -3.990483 149.459442 11.711679
v -3.534129 149.915833 11.711679
v -4.613960 149.292374 11.711678
v -5.693903 149.915833 11.711681
v -5.237436 149.459442 11.711681
v -4.613960 151.786255 11.711678
v -5.693903 149.915833 11.711681
v -3.534129 149.915833 11.711679
v -5.860913 150.539291 11.711681
v -5.693903 149.915833 11.711681
v -5.693848 151.162781 11.711681
v -4.365836 151.445328 9.546856
v -4.820259 151.426987 9.546856
v -4.888066 151.888275 9.546852
v -4.888066 151.888275 9.546852
v -4.261968 151.879227 9.546852
v -4.365836 151.445328 9.546856
v -2.506006 150.227386 9.546856
v -3.411789 151.161728 9.546856
v -3.323419 151.452179 9.546852
v -3.323419 151.452179 9.546852
v -2.327043 150.341599 9.546856
v -2.506006 150.227386 9.546856
v -6.886321 151.069916 12.190105
v -7.880792 151.734756 11.471642
v -7.937356 151.444519 11.471643
v -7.937356 151.444519 11.471643
v -6.968111 150.105011 12.190105
v -6.886321 151.069916 12.190105
v -6.968111 150.105011 9.546856
v -7.937356 151.444519 9.546852
v -7.880792 151.734756 9.546850
v -7.880792 151.734756 9.546850
v -6.886321 151.069916 9.546852
v -6.968111 150.105011 9.546856
v -5.938511 151.615616 9.546852
v -5.804841 151.129974 9.546856
v -6.968111 150.105011 9.546856
v -6.968111 150.105011 9.546856
v -6.886321 151.069916 9.546852
v -5.938511 151.615616 9.546852
v -4.365836 151.445328 9.546856
v -4.261968 151.879227 9.546852
v -3.745969 151.768387 9.546852
v -3.745969 151.768387 9.546852
v -3.846162 151.361343 9.546856
v -4.365836 151.445328 9.546856
v -4.888066 151.888275 9.546852
v -4.820259 151.426987 9.546856
v -5.347566 151.316925 9.546856
v -5.347566 151.316925 9.546856
v -5.432039 151.824188 9.546852
v -4.888066 151.888275 9.546852
v -3.846162 151.361343 9.546856
v -3.745969 151.768387 9.546852
v -3.323419 151.452179 9.546852
v -3.323419 151.452179 9.546852
v -3.411789 151.161728 9.546856
v -3.846162 151.361343 9.546856
v -5.432039 151.824188 9.546852
v -5.347566 151.316925 9.546856
v -5.804841 151.129974 9.546856
v -5.804841 151.129974 9.546856
v -5.938511 151.615616 9.546852
v -5.432039 151.824188 9.546852
v 5.796285 151.162781 11.711681
v 5.339873 151.619186 11.711679
v 4.716397 151.786255 11.711678
v 4.716397 151.786255 11.711678
v 5.796340 149.915833 11.711681
v 5.796285 151.162781 11.711681
v 4.716397 151.786255 11.711678
v 4.092977 151.619186 11.711679
v 3.636510 151.162781 11.711681
v 3.636510 151.162781 11.711681
v 3.636565 149.915833 11.711679
v 4.716397 151.786255 11.711678
v 3.636510 151.162781 11.711681
v 3.469500 150.539291 11.711681
v 3.636565 149.915833 11.711679
v 3.636565 149.915833 11.711679
v 4.092920 149.459442 11.711679
v 4.716397 149.292374 11.711678
v 4.716397 149.292374 11.711678
v 5.796340 149.915833 11.711681
v 3.636565 149.915833 11.711679
v 4.716397 149.292374 11.711678
v 5.339873 149.459442 11.711681
v 5.796340 149.915833 11.711681
v 4.716397 151.786255 11.711678
v 3.636565 149.915833 11.711679
v 5.796340 149.915833 11.711681
v 5.963350 150.539291 11.711681
v 5.796285 151.162781 11.711681
v 5.796340 149.915833 11.711681
v 4.468273 151.445328 9.546856
v 4.364405 151.879227 9.546852
v 4.990503 151.888275 9.546852
v 4.990503 151.888275 9.546852
v 4.922696 151.426987 9.546856
v 4.468273 151.445328 9.546856
v 2.608443 150.227386 9.546856
v 2.429480 150.341599 9.546856
v 3.425855 151.452179 9.546852
v 3.425855 151.452179 9.546852
v 3.514226 151.161728 9.546856
v 2.608443 150.227386 9.546856
v 6.988757 151.069916 12.190105
v 7.070548 150.105011 12.190105
v 8.039793 151.444519 11.471643
v 8.039793 151.444519 11.471643
v 7.983230 151.734756 11.471642
v 6.988757 151.069916 12.190105
v 7.070548 150.105011 9.546856
v 6.988757 151.069916 9.546852
v 7.983230 151.734756 9.546850
v 7.983230 151.734756 9.546850
v 8.039793 151.444519 9.546852
v 7.070548 150.105011 9.546856
v 6.040948 151.615616 9.546852
v 6.988757 151.069916 9.546852
v 7.070548 150.105011 9.546856
v 7.070548 150.105011 9.546856
v 5.907277 151.129974 9.546856
v 6.040948 151.615616 9.546852
v 4.468273 151.445328 9.546856
v 3.948599 151.361343 9.546856
v 3.848405 151.768387 9.546852
v 3.848405 151.768387 9.546852
v 4.364405 151.879227 9.546852
v 4.468273 151.445328 9.546856
v 4.990503 151.888275 9.546852
v 5.534476 151.824188 9.546852
v 5.450003 151.316925 9.546856
v 5.450003 151.316925 9.546856
v 4.922696 151.426987 9.546856
v 4.990503 151.888275 9.546852
v 3.948599 151.361343 9.546856
v 3.514226 151.161728 9.546856
v 3.425855 151.452179 9.546852
v 3.425855 151.452179 9.546852
v 3.848405 151.768387 9.546852
v 3.948599 151.361343 9.546856
v 5.534476 151.824188 9.546852
v 6.040948 151.615616 9.546852
v 5.907277 151.129974 9.546856
v 5.907277 151.129974 9.546856
v 5.450003 151.316925 9.546856
v 5.534476 151.824188 9.546852
v -2.344417 143.432709 11.875322
v -1.438669 143.127930 11.875319
v -1.438653 143.704010 11.875317
v -2.968404 143.703247 9.931202
v -2.364784 143.704010 9.931202
v -2.344417 143.432709 9.931198
v -1.438669 143.127930 11.875319
v -1.438685 142.438568 11.875320
v -0.673802 142.146805 11.875320
v -2.364784 143.704010 11.875317
v -2.968404 143.703247 11.875319
v -2.344417 143.432709 11.875322
v -1.438669 143.127930 9.931198
v -2.344417 143.432709 9.931198
v -2.364784 143.704010 9.931202
v -2.344417 143.432709 11.875322
v -1.438685 142.438568 11.875320
v -1.438669 143.127930 11.875319
v 1.620816 143.704010 11.875317
v 1.620832 143.127930 11.875319
v 2.526580 143.432709 11.875322
v 3.150568 143.703247 9.931202
v 2.526580 143.432709 9.931198
v 2.546947 143.704010 9.931202
v 0.855965 142.146805 11.875320
v 1.620848 142.438568 11.875320
v 1.620832 143.127930 11.875319
v 2.546947 143.704010 11.875317
v 2.526580 143.432709 11.875322
v 3.150568 143.703247 11.875319
v 2.546947 143.704010 9.931202
v 2.526580 143.432709 9.931198
v 1.620832 143.127930 9.931198
v 2.526580 143.432709 11.875322
v 1.620832 143.127930 11.875319
v 1.620848 142.438568 11.875320
v -5.752014 154.051483 6.919602
v -5.729552 154.727997 6.919602
v -2.207462 153.856934 6.919600
v -2.207462 153.856934 6.919600
v -2.373426 152.614258 6.919600
v -5.752014 154.051483 6.919602
v -8.551395 153.137680 6.919600
v -7.747127 153.988083 6.919602
v -7.565254 153.625183 6.919603
v -7.565254 153.625183 6.919603
v -8.169956 153.018555 6.919604
v -8.551395 153.137680 6.919600
v -6.942880 153.980255 6.919603
v -7.146671 154.395752 6.919602
v -6.435401 154.679520 6.919602
v -6.435401 154.679520 6.919602
v -6.453989 154.105042 6.919602
v -6.942880 153.980255 6.919603
v -7.565254 153.625183 6.919603
v -7.747127 153.988083 6.919602
v -7.146671 154.395752 6.919602
v -7.146671 154.395752 6.919602
v -6.942880 153.980255 6.919603
v -7.565254 153.625183 6.919603
v 5.861860 154.051483 6.919602
v 2.483272 152.614258 6.919600
v 2.317309 153.856934 6.919600
v 2.317309 153.856934 6.919600
v 5.839398 154.727997 6.919602
v 5.861860 154.051483 6.919602
v 8.661241 153.137680 6.919600
v 8.279800 153.018555 6.919604
v 7.675099 153.625183 6.919603
v 7.675099 153.625183 6.919603
v 7.856975 153.988083 6.919602
v 8.661241 153.137680 6.919600
v 7.052726 153.980255 6.919603
v 6.563835 154.105042 6.919602
v 6.545247 154.679520 6.919602
v 6.545247 154.679520 6.919602
v 7.256517 154.395752 6.919602
v 7.052726 153.980255 6.919603
v 7.675099 153.625183 6.919603
v 7.052726 153.980255 6.919603
v 7.256517 154.395752 6.919602
v 7.256517 154.395752 6.919602
v 7.856975 153.988083 6.919602
v 7.675099 153.625183 6.919603
v 0.091081 143.704010 11.875317
v -0.673786 143.704010 11.875317
v -0.673794 142.988510 11.875317
v -1.438653 143.704010 11.875317
v -1.438669 143.127930 11.875319
v -2.364784 143.704010 11.875317
v -2.344417 143.432709 11.875322
v 2.526580 143.432709 11.875322
v 2.546947 143.704010 11.875317
v 1.620816 143.704010 11.875317
v 1.620832 143.127930 11.875319
v 0.855949 143.704010 11.875317
v 0.855957 142.988510 11.875317
v 0.091081 143.704010 11.875317
v 0.091081 142.925766 11.875317
v 0.855957 142.988510 11.875317
v 0.091081 142.084290 11.875320
v 0.855965 142.146805 11.875320
v 7.595059 170.123459 9.463249
v 7.595059 170.123459 0.399815
v 6.480561 171.516586 5.037773
v 6.480561 171.516586 9.463249
v 8.595051 152.985413 0.691283
v 8.595051 149.949509 1.962325
v 8.595051 160.789490 5.037773
v 8.595051 160.789490 -2.889375
v -3.411789 151.161728 12.190105
v -2.506006 150.227386 12.190105
v -2.327043 150.341599 12.190105
v -3.323419 151.452179 12.190105
v -2.373426 152.614258 12.403690
v -2.207463 153.856934 12.403690
v -5.729552 154.727997 12.403690
v -5.752014 154.051483 12.403690
v -5.729552 154.727997 6.919602
v -5.752014 154.051483 6.919602
v -6.453989 154.105042 6.919602
v -6.435401 154.679520 6.919602
v 5.839398 154.727997 6.919602
v 6.545247 154.679520 6.919602
v 6.563835 154.105042 6.919602
v 5.861860 154.051483 6.919602
v -3.892571 142.629288 1.842552
v 0.201897 142.629288 1.842552
v 0.201897 142.629288 -6.016476
v -3.892571 142.629288 -6.016476
v 4.296367 142.629288 1.842550
v 4.296367 142.629288 -6.016477
v 0.201897 142.629288 -6.016476
v 0.201897 142.629288 1.842552
v 13.749647 166.576462 -13.858973
v -0.089576 163.407516 -17.015146
v 3.855306 166.938324 -13.990587
v -12.722473 167.544617 -14.211096
v -12.722473 167.250275 9.463249
v -12.337833 167.250275 5.037773
v -13.869221 159.735336 5.037773
v -14.253860 159.735336 9.463250
v 8.646595 148.116348 3.773441
v 8.646595 148.049728 2.100398
v 10.179050 148.091293 2.100398
v 10.179050 148.157928 3.773441
v -8.333488 140.897293 -12.644039
v 7.817181 139.585098 -13.035322
v 7.817181 139.585098 -8.038309
v -8.333488 140.897293 -8.038309
v -8.338211 159.750381 0.201710
v 6.201913 166.292374 -4.238148
v 6.201913 166.292374 5.037773
v -8.338211 159.750381 8.558495
v 8.595051 149.949509 1.962325
v 8.595051 152.985413 0.691283
v 10.127506 153.026978 0.691283
v 10.127506 149.991074 1.962325
v 6.201913 166.292374 -4.238148
v 8.595051 160.789490 -2.889375
v 8.595051 160.789490 5.037773
v 6.201913 166.292374 5.037773
v 10.127506 150.057709 3.781304
v 8.595051 150.016129 3.781304
v 8.646595 148.116348 3.773441
v 10.179050 148.157928 3.773441
v 8.595051 150.016129 3.781304
v 8.595051 149.949509 1.962325
v 8.646595 148.049728 2.100398
v 8.646595 148.116348 3.773441
v 8.595051 149.949509 1.962325
v 10.127506 149.991074 1.962325
v 10.179050 148.091293 2.100398
v 8.646595 148.049728 2.100398
v 10.127506 149.991074 1.962325
v 10.127506 150.057709 3.781304
v 10.179050 148.157928 3.773441
v 10.179050 148.091293 2.100398
v 7.595059 170.251617 -13.157053
v 13.749647 166.576462 -13.858973
v 3.855306 166.938324 -13.990587
v -12.722473 167.544617 -14.211096
v 8.595051 153.068771 -0.734606
v 10.127506 153.110352 -0.734606
v 10.127506 153.026978 0.691283
v 8.595051 152.985413 0.691283
v 8.595051 153.110168 -3.359272
v 10.127506 153.151733 -3.359272
v 10.127506 153.110352 -0.734606
v 8.595051 153.068771 -0.734606
v -0.775570 136.426178 8.220527
v -0.775570 136.426178 -8.828476
v 0.760649 136.426178 -8.828476
v 0.760649 136.426178 8.220525
v -6.754985 167.576141 2.241960
v 6.740076 167.576141 2.241960
v 6.740076 167.576126 -8.828487
v -6.754985 167.576126 -8.828485
v 3.933831 138.960693 10.927782
v 6.048841 142.222961 11.312019
v -6.063815 142.222946 11.312019
v -3.948792 138.960693 10.927782
v -3.995637 138.950760 -11.649023
v -6.020052 141.758026 -12.107176
v 6.005072 141.758026 -12.107178
v 3.980628 138.950760 -11.649027
v -6.755051 165.744766 6.546607
v -6.754985 162.308640 9.853855
v 6.739946 162.308640 9.853851
v 6.740076 165.744736 6.546606
v -6.754985 165.128983 -12.057970
v 6.740009 165.128983 -12.057972
v 6.740009 160.606979 -13.328514
v -6.754985 160.606979 -13.328506
v 9.281949 162.547379 6.096014
v 9.281949 161.011505 -10.574514
v 9.281949 165.034225 -9.444256
v 9.281949 165.034256 3.702414
v 6.740014 143.939590 11.453915
v 6.740076 159.402435 11.451249
v -6.755051 159.402435 11.451249
v -6.754990 143.939575 11.453915
v -6.754991 143.418442 -12.345278
v -6.755051 157.094971 -13.737446
v 6.740076 157.094971 -13.737448
v 6.740014 143.418442 -12.345278
v -0.775570 136.426178 8.220527
v -4.894514 138.988083 8.367758
v -4.881933 138.997437 -9.068298
v -0.775570 136.426178 -8.828476
v -0.775570 136.426178 -8.828476
v -3.995637 138.950760 -11.649023
v 3.980628 138.950760 -11.649027
v 0.760649 136.426178 -8.828476
v 0.760649 136.426178 8.220525
v 3.933831 138.960693 10.927782
v -3.948792 138.960693 10.927782
v -0.775570 136.426178 8.220527
v -6.754985 167.576141 2.241960
v -6.755051 165.744766 6.546607
v 6.740076 165.744736 6.546606
v 6.740076 167.576141 2.241960
v 6.740076 167.576126 -8.828487
v 6.740009 165.128983 -12.057972
v -6.754985 165.128983 -12.057970
v -6.754985 167.576126 -8.828485
v -6.754985 167.576126 -8.828485
v -9.296926 165.034225 -9.444256
v -9.296926 165.034256 3.702416
v -6.754985 167.576141 2.241960
v -6.755051 165.744766 6.546607
v -9.296926 165.034256 3.702416
v -9.296860 162.547394 6.096016
v -6.754985 162.308640 9.853855
v -6.754985 162.308640 9.853855
v -6.755051 159.402435 11.451249
v 6.740076 159.402435 11.451249
v 6.739946 162.308640 9.853851
v 6.740009 160.606979 -13.328514
v 6.740076 157.094971 -13.737448
v -6.755051 157.094971 -13.737446
v -6.754985 160.606979 -13.328506
v -6.754985 160.606979 -13.328506
v -9.296926 161.011505 -10.574514
v -9.296926 165.034225 -9.444256
v -6.754985 165.128983 -12.057970
v -9.296926 161.011505 -10.574514
v -9.296926 157.315170 -11.204409
v -9.296926 159.149429 8.887449
v -9.296860 162.547394 6.096016
v 0.760649 136.426178 -8.828476
v 4.867007 138.997437 -9.068300
v 4.879588 138.988068 8.367758
v 0.760649 136.426178 8.220525
v 6.740076 167.576141 2.241960
v 9.281949 165.034256 3.702414
v 9.281949 165.034225 -9.444256
v 6.740076 167.576126 -8.828487
v 6.739946 162.308640 9.853851
v 9.281949 162.547379 6.096014
v 9.281949 165.034256 3.702414
v 6.740076 165.744736 6.546606
v 6.740009 165.128983 -12.057972
v 9.281949 165.034225 -9.444256
v 9.281949 161.011505 -10.574514
v 6.740009 160.606979 -13.328514
v 9.281949 162.547379 6.096014
v 9.281949 159.149429 8.887447
v 9.281949 157.315170 -11.204411
v 9.281949 161.011505 -10.574514
v -6.754990 143.939575 11.453915
v -6.063815 142.222946 11.312019
v 6.048841 142.222961 11.312019
v 6.740014 143.939590 11.453915
v 6.740014 143.418442 -12.345278
v 6.005072 141.758026 -12.107178
v -6.020052 141.758026 -12.107176
v -6.754991 143.418442 -12.345278
v -9.044369 145.648346 0.853059
v -9.044369 145.648361 -3.620380
v -8.738714 145.648361 -3.620380
v -8.739096 145.648346 0.853059
v -9.347189 153.354965 0.853059
v -8.739080 153.356598 0.853059
v -8.738699 153.352310 -3.620381
v -9.347185 153.351929 -3.620381
v -8.739096 145.648346 0.853059
v -8.738714 145.648361 -3.620380
v -8.738699 153.352310 -3.620381
v -8.739080 153.356598 0.853059
v -10.819849 147.818771 -3.620381
v -10.819849 147.818771 0.853059
v -10.819849 151.878357 0.853059
v -10.819849 151.878357 -3.620381
v -10.165335 153.189148 0.853059
v -10.165333 153.187805 -3.620381
v -10.656219 152.696609 -3.620381
v -10.656221 152.696945 0.853059
v -10.656221 152.696945 0.853059
v -10.656219 152.696609 -3.620381
v -10.819849 151.878357 -3.620381
v -10.819849 151.878357 0.853059
v -9.044369 145.648361 -3.620380
v -9.044369 145.648346 0.853059
v -10.540592 147.144577 0.853059
v -10.540590 147.144577 -3.620381
v -10.540590 147.144577 -3.620381
v -10.540592 147.144577 0.853059
v -10.819849 147.818771 0.853059
v -10.819849 147.818771 -3.620381
v 9.044369 145.648346 0.853059
v 8.739096 145.648346 0.853059
v 8.738714 145.648361 -3.620380
v 9.044369 145.648361 -3.620380
v 9.347189 153.354965 0.853059
v 9.347184 153.351929 -3.620381
v 8.738699 153.352310 -3.620381
v 8.739080 153.356598 0.853059
v 8.739096 145.648346 0.853059
v 8.739080 153.356598 0.853059
v 8.738699 153.352310 -3.620381
v 8.738714 145.648361 -3.620380
v 10.819849 147.818771 -3.620380
v 10.819849 151.878357 -3.620380
v 10.819849 151.878357 0.853059
v 10.819849 147.818771 0.853059
v 10.165333 153.189148 0.853059
v 10.656219 152.696945 0.853059
v 10.656219 152.696609 -3.620381
v 10.165331 153.187805 -3.620381
v 10.656219 152.696945 0.853059
v 10.819849 151.878357 0.853059
v 10.819849 151.878357 -3.620380
v 10.656219 152.696609 -3.620381
v 9.044369 145.648361 -3.620380
v 10.540590 147.144577 -3.620380
v 10.540590 147.144577 0.853059
v 9.044369 145.648346 0.853059
v 10.540590 147.144577 -3.620380
v 10.819849 147.818771 -3.620380
v 10.819849 147.818771 0.853059
v 10.540590 147.144577 0.853059
v -5.860913 150.539291 11.020985
v -5.860913 150.539291 11.711681
v -5.693848 151.162781 11.711681
v -5.693848 151.162781 11.020988
v -5.693848 151.162781 11.020988
v -5.693848 151.162781 11.711681
v -5.237436 151.619186 11.711679
v -5.237436 151.619186 11.020987
v -5.237436 151.619186 11.020987
v -5.237436 151.619186 11.711679
v -4.613960 151.786255 11.711678
v -4.613960 151.786255 11.020987
v -4.613960 151.786255 11.020987
v -4.613960 151.786255 11.711678
v -3.990539 151.619186 11.711679
v -3.990539 151.619186 11.020985
v -3.990539 151.619186 11.020985
v -3.990539 151.619186 11.711679
v -3.534073 151.162781 11.711681
v -3.534073 151.162781 11.020988
v -3.534073 151.162781 11.020988
v -3.534073 151.162781 11.711681
v -3.367063 150.539291 11.711681
v -3.367063 150.539291 11.020985
v -3.367063 150.539291 11.020985
v -3.367063 150.539291 11.711681
v -3.534129 149.915833 11.711679
v -3.534129 149.915833 11.020985
v -3.534129 149.915833 11.020985
v -3.534129 149.915833 11.711679
v -3.990483 149.459442 11.711679
v -3.990483 149.459442 11.020985
v -3.990483 149.459442 11.020985
v -3.990483 149.459442 11.711679
v -4.613960 149.292374 11.711678
v -4.613960 149.292374 11.020985
v -4.613960 149.292374 11.020985
v -4.613960 149.292374 11.711678
v -5.237436 149.459442 11.711681
v -5.237436 149.459442 11.020985
v -5.237436 149.459442 11.020985
v -5.237436 149.459442 11.711681
v -5.693903 149.915833 11.711681
v -5.693903 149.915833 11.020985
v -5.693903 149.915833 11.020985
v -5.693903 149.915833 11.711681
v -5.860913 150.539291 11.711681
v -5.860913 150.539291 11.020985
v -2.506006 150.227386 9.546856
v -2.506006 150.227386 12.190105
v -3.411789 151.161728 12.190105
v -3.411789 151.161728 9.546856
v -3.323419 151.452179 12.190105
v -2.327043 150.341599 12.190105
v -2.327043 150.341599 9.546856
v -3.323419 151.452179 9.546852
v -2.506006 150.227386 9.546856
v -2.327043 150.341599 9.546856
v -2.327043 150.341599 12.190105
v -2.506006 150.227386 12.190105
v -6.968111 150.105011 9.546856
v -5.804841 151.129974 9.546856
v -5.804841 151.129974 12.190105
v -6.968111 150.105011 12.190105
v -6.886321 151.069916 12.190105
v -5.938511 151.615616 12.190105
v -5.938511 151.615616 9.546852
v -6.886321 151.069916 9.546852
v -7.937356 151.444519 11.471643
v -7.880792 151.734756 11.471642
v -7.880792 151.734756 9.546850
v -7.937356 151.444519 9.546852
v -6.886321 151.069916 9.546852
v -7.880792 151.734756 9.546850
v -7.880792 151.734756 11.471642
v -6.886321 151.069916 12.190105
v -6.968111 150.105011 12.190105
v -7.937356 151.444519 11.471643
v -7.937356 151.444519 9.546852
v -6.968111 150.105011 9.546856
v -4.820259 151.426987 12.190105
v -4.820259 151.426987 9.546856
v -4.365836 151.445328 9.546856
v -4.365836 151.445328 12.190105
v -4.888066 151.888275 9.546852
v -4.888066 151.888275 12.190105
v -4.261968 151.879227 12.190105
v -4.261968 151.879227 9.546852
v -3.411789 151.161728 9.546856
v -3.411789 151.161728 12.190105
v -3.846162 151.361343 12.190105
v -3.846162 151.361343 9.546856
v -3.323419 151.452179 12.190105
v -3.323419 151.452179 9.546852
v -3.745969 151.768387 9.546852
v -3.745969 151.768387 12.190105
v -5.804841 151.129974 12.190105
v -5.804841 151.129974 9.546856
v -5.347566 151.316925 9.546856
v -5.347566 151.316925 12.190105
v -5.938511 151.615616 9.546852
v -5.938511 151.615616 12.190105
v -5.432039 151.824188 12.190105
v -5.432039 151.824188 9.546852
v -3.846162 151.361343 9.546856
v -3.846162 151.361343 12.190105
v -4.365836 151.445328 12.190105
v -4.365836 151.445328 9.546856
v -3.745969 151.768387 12.190105
v -3.745969 151.768387 9.546852
v -4.261968 151.879227 9.546852
v -4.261968 151.879227 12.190105
v -5.347566 151.316925 12.190105
v -5.347566 151.316925 9.546856
v -4.820259 151.426987 9.546856
v -4.820259 151.426987 12.190105
v -5.432039 151.824188 9.546852
v -5.432039 151.824188 12.190105
v -4.888066 151.888275 12.190105
v -4.888066 151.888275 9.546852
v 5.963350 150.539291 11.020985
v 5.796285 151.162781 11.020988
v 5.796285 151.162781 11.711681
v 5.963350 150.539291 11.711681
v 5.796285 151.162781 11.020988
v 5.339873 151.619186 11.020987
v 5.339873 151.619186 11.711679
v 5.796285 151.162781 11.711681
v 5.339873 151.619186 11.020987
v 4.716397 151.786255 11.020987
v 4.716397 151.786255 11.711678
v 5.339873 151.619186 11.711679
v 4.716397 151.786255 11.020987
v 4.092977 151.619186 11.020985
v 4.092977 151.619186 11.711679
v 4.716397 151.786255 11.711678
v 4.092977 151.619186 11.020985
v 3.636510 151.162781 11.020988
v 3.636510 151.162781 11.711681
v 4.092977 151.619186 11.711679
v 3.636510 151.162781 11.020988
v 3.469500 150.539291 11.020985
v 3.469500 150.539291 11.711681
v 3.636510 151.162781 11.711681
v 3.469500 150.539291 11.020985
v 3.636565 149.915833 11.020985
v 3.636565 149.915833 11.711679
v 3.469500 150.539291 11.711681
v 3.636565 149.915833 11.020985
v 4.092920 149.459442 11.020985
v 4.092920 149.459442 11.711679
v 3.636565 149.915833 11.711679
v 4.092920 149.459442 11.020985
v 4.716397 149.292374 11.020985
v 4.716397 149.292374 11.711678
v 4.092920 149.459442 11.711679
v 4.716397 149.292374 11.020985
v 5.339873 149.459442 11.020985
v 5.339873 149.459442 11.711681
v 4.716397 149.292374 11.711678
v 5.339873 149.459442 11.020985
v 5.796340 149.915833 11.020985
v 5.796340 149.915833 11.711681
v 5.339873 149.459442 11.711681
v 5.796340 149.915833 11.020985
v 5.963350 150.539291 11.020985
v 5.963350 150.539291 11.711681
v 5.796340 149.915833 11.711681
v 2.608443 150.227386 9.546856
v 3.514226 151.161728 9.546856
v 3.514226 151.161728 12.190105
v 2.608443 150.227386 12.190105
v 3.425855 151.452179 12.190105
v 3.425855 151.452179 9.546852
v 2.429480 150.341599 9.546856
v 2.429480 150.341599 12.190105
v 3.514226 151.161728 12.190105
v 3.425855 151.452179 12.190105
v 2.429480 150.341599 12.190105
v 2.608443 150.227386 12.190105
v 2.608443 150.227386 9.546856
v 2.608443 150.227386 12.190105
v 2.429480 150.341599 12.190105
v 2.429480 150.341599 9.546856
v 7.070548 150.105011 9.546856
v 7.070548 150.105011 12.190105
v 5.907277 151.129974 12.190105
v 5.907277 151.129974 9.546856
v 6.988757 151.069916 12.190105
v 6.988757 151.069916 9.546852
v 6.040948 151.615616 9.546852
v 6.040948 151.615616 12.190105
v 8.039793 151.444519 11.471643
v 8.039793 151.444519 9.546852
v 7.983230 151.734756 9.546850
v 7.983230 151.734756 11.471642
v 6.988757 151.069916 9.546852
v 6.988757 151.069916 12.190105
v 7.983230 151.734756 11.471642
v 7.983230 151.734756 9.546850
v 7.070548 150.105011 12.190105
v 7.070548 150.105011 9.546856
v 8.039793 151.444519 9.546852
v 8.039793 151.444519 11.471643
v 4.922696 151.426987 12.190105
v 4.468273 151.445328 12.190105
v 4.468273 151.445328 9.546856
v 4.922696 151.426987 9.546856
v 4.990503 151.888275 9.546852
v 4.364405 151.879227 9.546852
v 4.364405 151.879227 12.190105
v 4.990503 151.888275 12.190105
v 3.514226 151.161728 9.546856
v 3.948599 151.361343 9.546856
v 3.948599 151.361343 12.190105
v 3.514226 151.161728 12.190105
v 3.425855 151.452179 12.190105
v 3.848405 151.768387 12.190105
v 3.848405 151.768387 9.546852
v 3.425855 151.452179 9.546852
v 5.907277 151.129974 12.190105
v 5.450003 151.316925 12.190105
v 5.450003 151.316925 9.546856
v 5.907277 151.129974 9.546856
v 6.040948 151.615616 9.546852
v 5.534476 151.824188 9.546852
v 5.534476 151.824188 12.190105
v 6.040948 151.615616 12.190105
v 3.948599 151.361343 9.546856
v 4.468273 151.445328 9.546856
v 4.468273 151.445328 12.190105
v 3.948599 151.361343 12.190105
v 3.848405 151.768387 12.190105
v 4.364405 151.879227 12.190105
v 4.364405 151.879227 9.546852
v 3.848405 151.768387 9.546852
v 5.450003 151.316925 12.190105
v 4.922696 151.426987 12.190105
v 4.922696 151.426987 9.546856
v 5.450003 151.316925 9.546856
v 5.534476 151.824188 9.546852
v 4.990503 151.888275 9.546852
v 4.990503 151.888275 12.190105
v 5.534476 151.824188 12.190105
v -2.344417 143.432709 11.875322
v -2.344417 143.432709 9.931198
v -1.438685 142.438538 9.931198
v -1.438685 142.438568 11.875320
v -1.438685 142.438538 9.931198
v -0.673802 142.146805 9.931198
v -0.673802 142.146805 11.875320
v -1.438685 142.438568 11.875320
v -1.438669 143.127930 11.875319
v -0.673794 142.988510 11.875317
v -0.673786 143.704010 11.875317
v -0.673802 142.146805 11.875320
v -0.673802 142.146805 9.931198
v 0.091081 142.084259 9.931198
v 0.091081 142.084290 11.875320
v -0.673802 142.146805 11.875320
v -2.344417 143.432709 11.875322
v -2.968404 143.703247 11.875319
v -2.968404 143.703247 9.931202
v -2.344417 143.432709 9.931198
v 2.526580 143.432709 11.875322
v 1.620848 142.438568 11.875320
v 1.620849 142.438538 9.931198
v 2.526580 143.432709 9.931198
v 1.620849 142.438538 9.931198
v 1.620848 142.438568 11.875320
v 0.855965 142.146805 11.875320
v 0.855965 142.146805 9.931198
v 0.855949 143.704010 11.875317
v 0.855957 142.988510 11.875317
v 1.620832 143.127930 11.875319
v 0.855965 142.146805 11.875320
v 0.855965 142.146805 9.931198
v 0.855965 142.146805 11.875320
v 0.091081 142.084290 11.875320
v 0.091081 142.084259 9.931198
v 2.526580 143.432709 11.875322
v 2.526580 143.432709 9.931198
v 3.150568 143.703247 9.931202
v 3.150568 143.703247 11.875319
v -0.807715 146.290497 13.399176
v -0.807715 146.290497 10.670382
v 1.017234 146.290497 10.670380
v 1.017234 146.290497 13.399174
v -0.804573 148.844788 12.104658
v 1.015780 148.844788 12.104658
v 1.015780 148.844788 10.670387
v -0.804573 148.844788 10.670387
v -0.807715 146.290497 13.399176
v 1.017234 146.290497 13.399174
v 1.015780 148.844788 12.104658
v -0.804573 148.844788 12.104658
v -0.807715 146.290497 10.670382
v -0.804573 148.844788 10.670387
v 1.015780 148.844788 10.670387
v 1.017234 146.290497 10.670380
v -0.807715 146.290497 10.670382
v -0.807715 146.290497 13.399176
v -0.804573 148.844788 12.104658
v -0.804573 148.844788 10.670387
v 1.017234 146.290497 10.670380
v 1.015780 148.844788 10.670387
v 1.015780 148.844788 12.104658
v 1.017234 146.290497 13.399174
v -2.207463 153.856934 12.403690
v -2.207462 153.856934 6.919600
v -5.729552 154.727997 6.919602
v -5.729552 154.727997 12.403690
v -2.373426 152.614258 6.919600
v -2.207462 153.856934 6.919600
v -2.207463 153.856934 12.403690
v -2.373426 152.614258 12.403690
v -6.453989 154.105042 12.403690
v -6.942880 153.980255 12.403690
v -6.942880 153.980255 6.919603
v -6.453989 154.105042 6.919602
v -6.435401 154.679504 12.403690
v -6.435401 154.679520 6.919602
v -7.146671 154.395752 6.919602
v -7.146671 154.395721 12.403690
v -2.373426 152.614258 12.403690
v -5.752014 154.051483 12.403690
v -5.752014 154.051483 6.919602
v -2.373426 152.614258 6.919600
v -8.551395 153.137680 6.919600
v -8.169956 153.018555 6.919604
v -8.169956 153.018555 12.403690
v -8.551395 153.137680 12.403690
v -7.565254 153.625183 6.919603
v -7.565254 153.625183 12.403690
v -8.169956 153.018555 12.403690
v -8.169956 153.018555 6.919604
v -7.747129 153.988068 12.403690
v -7.747127 153.988083 6.919602
v -8.551395 153.137680 6.919600
v -8.551395 153.137680 12.403690
v -5.729552 154.727997 12.403690
v -5.729552 154.727997 6.919602
v -6.435401 154.679520 6.919602
v -6.435401 154.679504 12.403690
v -6.453989 154.105042 12.403690
v -6.453989 154.105042 6.919602
v -5.752014 154.051483 6.919602
v -5.752014 154.051483 12.403690
v -6.942880 153.980255 6.919603
v -6.942880 153.980255 12.403690
v -7.565254 153.625183 12.403690
v -7.565254 153.625183 6.919603
v -7.146671 154.395721 12.403690
v -7.146671 154.395752 6.919602
v -7.747127 153.988083 6.919602
v -7.747129 153.988068 12.403690
v 2.317309 153.856934 12.403690
v 5.839398 154.727997 12.403690
v 5.839398 154.727997 6.919602
v 2.317309 153.856934 6.919600
v 2.483272 152.614258 12.403690
v 5.861860 154.051483 12.403690
v 5.839398 154.727997 12.403690
v 2.317309 153.856934 12.403690
v 2.483272 152.614258 6.919600
v 2.483272 152.614258 12.403690
v 2.317309 153.856934 12.403690
v 2.317309 153.856934 6.919600
v 6.563835 154.105042 12.403690
v 6.563835 154.105042 6.919602
v 7.052726 153.980255 6.919603
v 7.052726 153.980255 12.403690
v 6.545247 154.679504 12.403690
v 7.256517 154.395721 12.403690
v 7.256517 154.395752 6.919602
v 6.545247 154.679520 6.919602
v 2.483272 152.614258 12.403690
v 2.483272 152.614258 6.919600
v 5.861860 154.051483 6.919602
v 5.861860 154.051483 12.403690
v 8.661241 153.137680 6.919600
v 8.661241 153.137680 12.403690
v 8.279800 153.018555 12.403690
v 8.279800 153.018555 6.919604
v 7.675099 153.625183 6.919603
v 8.279800 153.018555 6.919604
v 8.279800 153.018555 12.403690
v 7.675099 153.625183 12.403690
v 7.856976 153.988068 12.403690
v 8.661241 153.137680 12.403690
v 8.661241 153.137680 6.919600
v 7.856975 153.988083 6.919602
v 5.839398 154.727997 12.403690
v 6.545247 154.679504 12.403690
v 6.545247 154.679520 6.919602
v 5.839398 154.727997 6.919602
v 6.563835 154.105042 12.403690
v 5.861860 154.051483 12.403690
v 5.861860 154.051483 6.919602
v 6.563835 154.105042 6.919602
v 7.052726 153.980255 6.919603
v 7.675099 153.625183 6.919603
v 7.675099 153.625183 12.403690
v 7.052726 153.980255 12.403690
v 7.256517 154.395721 12.403690
v 7.856976 153.988068 12.403690
v 7.856975 153.988083 6.919602
v 7.256517 154.395752 6.919602
v -3.411789 151.161728 12.190105
v -3.323419 151.452179 12.190105
v -3.745969 151.768387 12.190105
v -3.846162 151.361343 12.190105
v -4.261968 151.879227 12.190105
v -4.365836 151.445328 12.190105
v -4.888066 151.888275 12.190105
v -4.820259 151.426987 12.190105
v -5.432039 151.824188 12.190105
v -5.347566 151.316925 12.190105
v -5.938511 151.615616 12.190105
v -5.804841 151.129974 12.190105
v -6.968111 150.105011 12.190105
v -6.886321 151.069916 12.190105
v 0.091081 143.704010 9.931200
v 0.091081 143.704010 11.875317
v 0.855949 143.704010 11.875317
v 0.855949 143.704010 9.931202
v 1.620816 143.704010 11.875317
v 1.620816 143.704010 9.931202
v 2.546947 143.704010 11.875317
v 2.546947 143.704010 9.931202
v 3.150568 143.703247 11.875319
v 3.150568 143.703247 9.931202
v -8.551395 153.137680 12.403690
v -8.169956 153.018555 12.403690
v -7.565254 153.625183 12.403690
v -7.747129 153.988068 12.403690
v -6.942880 153.980255 12.403690
v -7.146671 154.395721 12.403690
v -6.453989 154.105042 12.403690
v -6.435401 154.679504 12.403690
v -5.752014 154.051483 12.403690
v -5.729552 154.727997 12.403690
v 3.848405 151.768387 12.190105
v 3.425855 151.452179 12.190105
v 3.514226 151.161728 12.190105
v 3.948599 151.361343 12.190105
v 4.364405 151.879227 12.190105
v 4.468273 151.445328 12.190105
v 4.990503 151.888275 12.190105
v 4.922696 151.426987 12.190105
v 5.534476 151.824188 12.190105
v 5.450003 151.316925 12.190105
v 6.040948 151.615616 12.190105
v 5.907277 151.129974 12.190105
v 7.070548 150.105011 12.190105
v 6.988757 151.069916 12.190105
v 7.675099 153.625183 12.403690
v 8.279800 153.018555 12.403690
v 8.661241 153.137680 12.403690
v 7.856976 153.988068 12.403690
v 7.052726 153.980255 12.403690
v 7.256517 154.395721 12.403690
v 6.563835 154.105042 12.403690
v 6.545247 154.679504 12.403690
v 5.861860 154.051483 12.403690
v 5.839398 154.727997 12.403690
v -0.673786 143.704010 11.875317
v 0.091081 143.704010 11.875317
v 0.091081 143.704010 9.931200
v -0.673786 143.704010 9.931202
v -1.438653 143.704010 11.875317
v -1.438653 143.704010 9.931202
v -2.364784 143.704010 11.875317
v -2.364784 143.704010 9.931202
v -2.968404 143.703247 11.875319
v -2.968404 143.703247 9.931202
v -0.673794 142.988510 11.875317
v 0.091081 142.925766 11.875317
v 0.091081 143.704010 11.875317
v 0.091081 142.084290 11.875320
v -0.673802 142.146805 11.875320
v -9.044369 145.648346 0.853059
v -8.739096 145.648346 0.853059
v -8.739080 153.356598 0.853059
v -9.347189 153.354965 0.853059
v -10.165335 153.189148 0.853059
v -10.656221 152.696945 0.853059
v -10.819849 151.878357 0.853059
v -10.819849 147.818771 0.853059
v -10.540592 147.144577 0.853059
v -8.738714 145.648361 -3.620380
v -9.044369 145.648361 -3.620380
v -10.540590 147.144577 -3.620381
v -10.819849 147.818771 -3.620381
v -10.819849 151.878357 -3.620381
v -10.656219 152.696609 -3.620381
v -10.165333 153.187805 -3.620381
v -9.347185 153.351929 -3.620381
v -8.738699 153.352310 -3.620381
v 9.044369 145.648346 0.853059
v 10.540590 147.144577 0.853059
v 10.819849 147.818771 0.853059
v 10.819849 151.878357 0.853059
v 10.656219 152.696945 0.853059
v 10.165333 153.189148 0.853059
v 9.347189 153.354965 0.853059
v 8.739080 153.356598 0.853059
v 8.739096 145.648346 0.853059
v 8.738714 145.648361 -3.620380
v 8.738699 153.352310 -3.620381
v 9.347184 153.351929 -3.620381
v 10.165331 153.187805 -3.620381
v 10.656219 152.696609 -3.620381
v 10.819849 151.878357 -3.620380
v 10.819849 147.818771 -3.620380
v 10.540590 147.144577 -3.620380
v 9.044369 145.648361 -3.620380
v -2.344417 143.432709 9.931198
v -1.438669 143.127930 9.931198
v -1.438685 142.438538 9.931198
v -2.364784 143.704010 9.931202
v -1.438653 143.704010 9.931202
v -0.673794 142.988510 9.931198
v -0.673802 142.146805 9.931198
v -0.673786 143.704010 9.931202
v 0.091081 142.925766 9.931198
v 0.091081 142.084259 9.931198
v 0.091081 143.704010 9.931200
v 2.526580 143.432709 9.931198
v 1.620849 142.438538 9.931198
v 1.620832 143.127930 9.931198
v 1.620816 143.704010 9.931202
v 2.546947 143.704010 9.931202
v 0.855957 142.988510 9.931198
v 0.855965 142.146805 9.931198
v 0.855949 143.704010 9.931202
v 0.091081 142.925766 9.931198
v 0.091081 142.084259 9.931198
v 0.091081 143.704010 9.931200
v -13.075951 1.201553 15.055113
v -3.140373 1.201553 15.055113
v -3.140373 5.342163 15.055113
v -13.075951 5.342163 15.055113
v -3.140373 5.342163 -5.822133
v -13.075951 5.342163 -5.822133
v -3.140373 1.201553 -5.822133
v -13.075951 1.201553 -5.822133
v 3.849378 1.201553 15.055113
v 13.784959 1.201553 15.055113
v 13.784959 5.342163 15.055113
v 3.849378 5.342163 15.055113
v 13.784959 5.342163 -5.822133
v 3.849378 5.342163 -5.822133
v 13.784959 1.201553 -5.822133
v 3.849378 1.201553 -5.822133
v -11.531864 4.300804 3.987044
v -3.557773 4.300804 3.987044
v -2.490413 36.230148 5.054406
v -12.599226 36.230148 5.054406
v -2.490413 36.230148 -5.054406
v -12.599226 36.230148 -5.054406
v -3.557773 4.300804 -3.987045
v -11.531864 4.300804 -3.987045
v 4.708560 4.300804 3.977705
v 12.663968 4.300804 3.977705
v 13.740670 36.230148 5.054406
v 3.631858 36.230148 5.054406
v 13.740670 36.230148 -5.054406
v 3.631858 36.230148 -5.054406
v 12.663968 4.300804 -3.977705
v 4.708560 4.300804 -3.977705
v 3.631858 36.377739 5.054406
v 13.740670 36.377739 5.054406
v 17.610155 69.792542 8.096623
v 3.631858 69.792542 8.096620
v 3.631858 69.792542 -8.096620
v 17.610155 69.792542 -8.096624
v 13.740670 36.377739 -5.054406
v 3.631858 36.377739 -5.054406
v -2.444512 36.377739 -5.054406
v -12.553324 36.377739 -5.054406
v -16.422810 69.792542 -8.096624
v -2.444510 69.792542 -8.096620
v -2.444510 69.792542 8.096620
v -16.422810 69.792542 8.096623
v -12.553324 36.377739 5.054406
v -2.444512 36.377739 5.054406
v -25.115358 54.036667 8.504024
v 0.405326 54.036667 13.872545
v 0.405326 56.311726 14.559357
v -25.609655 56.311726 9.125346
v 25.926010 54.036667 8.504024
v 26.420303 56.311726 9.125346
v -27.586842 65.411957 11.610638
v 0.405326 65.411957 17.306597
v 0.405326 77.532150 18.766933
v -24.584867 77.532150 11.610638
v 28.397495 65.411957 11.610638
v 25.395521 77.532150 11.610638
v 0.405326 89.279907 17.006401
v -22.809034 89.279907 11.610640
v 23.619686 89.279907 11.610640
v 0.405326 101.027657 13.563356
v -16.049473 101.027657 11.301451
v 16.860125 101.027657 11.301451
v -16.049473 101.027657 -8.201305
v 0.405326 101.027657 -11.930449
v 0.405326 89.279907 -14.413186
v -22.809034 89.279907 -10.684044
v 16.860125 101.027657 -8.201305
v 23.619686 89.279907 -10.684044
v 0.405326 77.532150 -16.248569
v -24.584867 77.532150 -12.519426
v 25.395521 77.532150 -12.519426
v 0.405326 65.317993 -16.814846
v -27.586842 65.317993 -13.085701
v 28.397495 65.317993 -13.085701
v -25.609655 56.368103 -11.438105
v 0.405326 56.368103 -15.167248
v 0.405326 54.130630 -14.755348
v -25.115358 54.130630 -11.026204
v 26.420303 56.368103 -11.438105
v 25.926010 54.130630 -11.026204
v 0.405326 54.036667 1.550073
v -25.115358 54.036667 1.550073
v 25.926010 54.036667 1.550073
v 26.420303 56.311726 1.550073
v 28.397495 65.411957 1.550073
v 25.395521 77.532150 1.550073
v 23.619686 89.279907 1.550073
v 16.860125 101.027657 1.550073
v -25.609655 56.311726 1.550073
v -27.586842 65.411957 1.550073
v -24.584867 77.532150 1.550073
v -22.809034 89.279907 1.550073
v -16.049473 101.027657 1.550073
v -18.649471 99.427673 13.568501
v 0.405326 99.427673 16.187807
v 0.405326 104.727654 16.187807
v -18.649471 104.727654 13.568501
v -18.649471 99.427673 1.550073
v -18.649471 104.727654 1.550073
v 19.460127 99.427673 13.568501
v 19.460127 104.727654 13.568501
v 19.460127 99.427673 1.550073
v 19.460127 104.727654 1.550073
v 0.405326 99.427673 -14.596383
v -18.649471 99.427673 -10.278003
v -18.649471 104.727654 -10.278003
v 0.405326 104.727654 -14.596383
v 19.460127 99.427673 -10.278002
v 19.460127 104.727654 -10.278002
v 0.405326 103.127655 13.563356
v -16.049473 103.127655 11.301451
v -16.049473 103.127655 1.550073
v 16.860125 103.127655 11.301451
v 16.860125 103.127655 1.550073
v -16.049473 103.127655 -8.201305
v 0.405326 103.127655 -11.930449
v 16.860125 103.127655 -8.201305
v 0.405326 114.759415 17.782894
v -19.863564 114.759415 15.520988
v -19.863564 114.759415 1.550073
v 20.674215 114.759415 15.520988
v 20.674215 114.759415 1.550073
v -19.863564 114.759415 -10.334887
v 0.405326 114.759415 -14.064030
v 20.674215 114.759415 -10.334887
v 0.405326 121.149918 14.868868
v -20.612757 121.149918 12.606960
v -20.612757 121.149918 1.550073
v 21.423409 121.149918 12.606960
v 21.423409 121.149918 1.550073
v -20.612757 121.149918 -10.334887
v 0.405326 121.149918 -14.064030
v 21.423409 121.149918 -10.334887
v -7.929801 132.797241 12.673815
v -20.789009 132.797241 11.301451
v -20.789009 132.797241 1.550073
v 21.599663 132.797241 11.301451
v 8.740455 132.797241 12.673815
v 21.599663 132.797241 1.550073
v -20.789009 132.797241 -8.201305
v -7.929801 132.797241 -10.463882
v 0.405326 124.634171 -13.615192
v 21.599663 132.797241 -8.201305
v 8.740455 132.797241 -10.463882
v -7.929801 132.797241 1.550073
v 8.740455 132.797241 1.550073
v 8.422691 129.424515 9.711756
v 0.405326 121.900620 10.403696
v -7.612039 129.424515 9.711755
v 8.740455 128.297241 1.550073
v -7.929801 128.297241 1.550073
v 8.740455 129.086258 -7.918574
v -7.929801 129.086258 -7.918574
v 20.378916 118.611183 7.796996
v 28.391319 117.920341 8.487840
v 28.391319 124.914314 8.487840
v 20.378916 124.914314 7.796996
v 36.403740 116.873734 9.534452
v 36.403740 124.914314 9.534452
v 28.391319 131.908295 8.487840
v 20.378916 131.217438 7.796996
v 36.403740 132.954895 9.534452
v 28.391319 131.908295 1.493868
v 20.378916 131.217438 1.493868
v 36.403740 132.954895 1.493868
v 28.391319 131.908295 -5.500103
v 20.378916 131.217438 -4.809259
v 36.403740 132.954895 -6.546714
v 28.391319 124.914314 -5.500103
v 20.378916 124.914314 -4.809259
v 36.403740 124.914314 -6.546714
v 28.391319 117.920341 -5.500103
v 20.378916 118.611183 -4.809259
v 36.403740 116.873734 -6.546714
v 28.391319 117.920341 1.493868
v 20.378916 118.611183 1.493868
v 36.403740 116.873734 1.493868
v 38.406898 117.843330 1.493868
v 38.406898 117.843330 -5.577114
v 38.406898 124.914314 -5.577114
v 38.406898 124.914314 1.493868
v 38.406898 117.843330 8.564852
v 38.406898 124.914314 8.564852
v 38.406898 131.985291 -5.577114
v 38.406898 131.985291 1.493868
v 38.406898 131.985291 8.564852
v 20.378916 124.914314 1.493868
v -9.279212 68.493286 17.968805
v 0.405329 67.505295 21.786707
v 0.405329 77.618286 22.117325
v -19.102333 76.706070 18.254070
v 10.089868 68.493286 17.968805
v 19.912991 76.706070 18.254070
v 0.405329 86.072632 21.166712
v -17.010267 84.926537 16.312992
v 17.820923 84.926537 16.312992
v 0.405329 93.758568 18.091198
v -15.772695 92.894394 14.431561
v 16.583349 92.894394 14.431561
v 0.405329 101.286407 15.039454
v -11.061974 100.924179 13.505320
v 11.872628 100.924179 13.505320
v -9.279212 68.005699 12.870676
v 0.405329 67.017700 16.688576
v 10.089868 68.005699 12.870676
v -19.102333 76.218460 13.155943
v 19.912991 76.218460 13.155943
v -17.010267 84.438942 11.214859
v 17.820923 84.438942 11.214859
v -15.772695 92.406815 9.333424
v 16.583349 92.406815 9.333424
v -11.061974 100.325142 7.242283
v 11.872628 100.325142 7.242283
v -20.437323 131.217438 7.796996
v -28.449739 131.908295 8.487840
v -28.449739 124.914314 8.487840
v -20.437323 124.914314 7.796996
v -36.462147 132.954895 9.534452
v -36.462147 124.914314 9.534452
v -28.449739 117.920341 8.487840
v -20.437323 118.611183 7.796996
v -36.462147 116.873734 9.534452
v -28.449739 117.920341 1.493868
v -20.437323 118.611183 1.493868
v -36.462147 116.873734 1.493868
v -28.449739 117.920341 -5.500103
v -20.437323 118.611183 -4.809259
v -36.462147 116.873734 -6.546714
v -28.449739 124.914314 -5.500103
v -20.437323 124.914314 -4.809259
v -36.462147 124.914314 -6.546714
v -28.449739 131.908295 -5.500103
v -20.437323 131.217438 -4.809259
v -36.462147 132.954895 -6.546714
v -28.449739 131.908295 1.493868
v -20.437323 131.217438 1.493868
v -36.462147 132.954895 1.493868
v -38.465313 131.985291 1.493868
v -38.465313 131.985291 -5.577114
v -38.465313 124.914314 -5.577114
v -38.465313 124.914314 1.493868
v -38.465313 131.985291 8.564852
v -38.465313 124.914314 8.564852
v -38.465313 117.843330 -5.577114
v -38.465313 117.843330 1.493868
v -38.465313 117.843330 8.564852
v -20.437323 124.914314 1.493868
v -8.807155 118.865128 10.036908
v 10.097917 118.865128 10.036908
v 10.097917 128.842560 10.036908
v -8.807155 128.842560 10.036908
v 10.097917 128.842560 -9.287893
v -8.807155 128.842560 -9.287893
v 4.979072 127.754852 14.727098
v 8.562300 129.122650 15.419825
v 15.234662 133.231354 15.150673
v 8.398337 133.106186 14.237415
v 15.603868 132.760864 13.330191
v 8.767348 132.635880 12.417763
v 9.090542 124.227432 17.799057
v 9.459737 123.756958 15.978573
v 8.931516 128.652161 13.599340
v 5.228560 127.373695 13.394497
v 0.395747 121.995506 16.176769
v 0.395784 121.516129 16.417879
v 0.395778 120.982849 14.748154
v 0.395776 121.167465 14.672613
v -4.187542 127.754837 14.727098
v -7.606800 133.106201 14.237421
v -14.443118 133.231354 15.150665
v -7.770780 129.122650 15.419828
v -7.975791 132.635880 12.417763
v -14.812324 132.760864 13.330189
v -8.298986 124.227432 17.799057
v -8.139984 128.652161 13.599335
v -8.668190 123.756958 15.978569
v -4.436995 127.373695 13.394503
v 0.395761 121.995506 16.176777
v 0.395789 121.516136 16.417883
v 0.395774 120.982849 14.748154
v -45.471161 120.869408 4.251136
v -22.165564 120.869408 4.251136
v -22.165564 129.371674 4.251136
v -45.471161 129.371674 4.251136
v -22.165564 129.371674 -4.251136
v -45.471161 129.371674 -4.251136
v -22.165564 120.869408 -4.251136
v -45.471161 120.869408 -4.251136
v 44.928093 120.869408 4.251136
v 68.233704 120.869408 4.251136
v 68.233704 129.371674 4.251136
v 44.928093 129.371674 4.251136
v 68.233704 129.371674 -4.251136
v 44.928093 129.371674 -4.251136
v 68.233704 120.869408 -4.251136
v 44.928093 120.869408 -4.251136
v 21.527830 120.869408 4.251136
v 44.833424 120.869408 4.251136
v 44.833424 129.371674 4.251136
v 21.527830 129.371674 4.251136
v 44.833424 129.371674 -4.251136
v 21.527830 129.371674 -4.251136
v 44.833424 120.869408 -4.251136
v 21.527830 120.869408 -4.251136
v -78.678604 123.702751 4.207396
v -68.846008 123.702751 4.207396
v -68.846008 129.099213 4.207396
v -78.678604 129.099213 4.207396
v -68.846008 129.099213 -4.207396
v -78.678604 129.099213 -4.207396
v -68.846008 123.702751 -4.207396
v -78.678604 123.702751 -4.207396
v 67.802727 123.702751 4.207396
v 77.635323 123.702751 4.207396
v 77.635323 129.099213 4.207396
v 67.802727 129.099213 4.207396
v 77.635323 129.099213 -4.207396
v 67.802727 129.099213 -4.207396
v 77.635323 123.702751 -4.207396
v 67.802727 123.702751 -4.207396
v -1.454495 115.718979 16.321764
v -3.213544 115.718979 16.321764
v -3.213544 115.884094 17.548412
v -1.454495 115.884094 17.548412
v -4.093067 114.209221 16.524971
v -4.093067 114.374329 17.751617
v -3.213544 112.699455 16.728178
v -3.213544 112.864548 17.954826
v -1.454495 112.699455 16.728178
v -1.454495 112.864548 17.954826
v -0.574973 114.209221 16.524971
v -0.574973 114.374329 17.751617
v 6.601888 117.668503 16.196144
v 16.851358 117.456871 15.488056
v 16.851360 120.322617 14.631472
v 6.601889 120.534279 15.339561
v 16.749428 119.917786 13.277025
v 6.499957 120.129417 13.985119
v 6.499959 117.263680 14.841696
v 16.749428 117.052010 14.133619
v -5.092226 127.069077 4.692102
v 5.109914 127.069077 4.692102
v 4.436116 139.329651 4.018304
v -4.418428 139.329651 4.018304
v 4.436116 139.329651 -4.836240
v -4.418428 139.329651 -4.836240
v 5.109914 127.069077 -5.510038
v -5.092226 127.069077 -5.510038
v -68.704674 120.869408 4.251136
v -45.399063 120.869408 4.251136
v -45.399063 129.371674 4.251136
v -68.704674 129.371674 4.251136
v -45.399063 129.371674 -4.251136
v -68.704674 129.371674 -4.251136
v -45.399063 120.869408 -4.251136
v -68.704674 120.869408 -4.251136
vt 0.499540 0.867204
vt 0.552825 0.867204
vt 0.552825 0.920489
vt 0.499540 0.867204
vt 0.552825 0.867204
vt 0.552825 0.920489
vt 0.499540 0.867204
vt 0.552825 0.867204
vt 0.552825 0.920489
vt 0.499540 0.867204
vt 0.552825 0.867204
vt 0.552825 0.920489
vt 0.499540 0.867204
vt 0.552825 0.867204
vt 0.552825 0.920489
vt 0.499540 0.867204
vt 0.552825 0.867204
vt 0.552825 0.920489
vt 0.499540 0.867204
vt 0.552825 0.867204
vt 0.552825 0.920489
vt 0.499540 0.867204
vt 0.552825 0.867204
vt 0.552825 0.920489
vt 0.499540 0.867204
vt 0.552825 0.867204
vt 0.552825 0.920489
vt 0.499540 0.867204
vt 0.552825 0.867204
vt 0.552825 0.920489
vt 0.499540 0.867204
vt 0.552825 0.867204
vt 0.552825 0.920489
vt 0.552825 0.920489
vt 0.499540 0.920489
vt 0.499540 0.867204
vt 0.552825 0.920489
vt 0.499540 0.920489
vt 0.499540 0.867204
vt 0.552825 0.867204
vt 0.552825 0.920489
vt 0.499540 0.920489
vt 0.499540 0.920489
vt 0.499540 0.867204
vt 0.552825 0.867204
vt 0.552825 0.867204
vt 0.552825 0.920489
vt 0.499540 0.920489
vt 0.499540 0.920489
vt 0.499540 0.867204
vt 0.552825 0.867204
vt 0.499540 0.867204
vt 0.552825 0.867204
vt 0.552825 0.920489
vt 0.552825 0.867204
vt 0.552825 0.920489
vt 0.499540 0.920489
vt 0.499540 0.920489
vt 0.499540 0.867204
vt 0.552825 0.867204
vt 0.552825 0.920489
vt 0.499540 0.920489
vt 0.499540 0.867204
vt 0.499540 0.867204
vt 0.552825 0.867204
vt 0.552825 0.920489
vt 0.499540 0.867204
vt 0.552825 0.867204
vt 0.552825 0.920489
vt 0.499540 0.867204
vt 0.552825 0.867204
vt 0.552825 0.920489
vt 0.552825 0.920489
vt 0.499540 0.920489
vt 0.499540 0.867204
vt 0.499540 0.867204
vt 0.552825 0.867204
vt 0.552825 0.920489
vt 0.499540 0.867204
vt 0.552825 0.867204
vt 0.552825 0.920489
vt 0.552825 0.920489
vt 0.499540 0.920489
vt 0.499540 0.867204
vt 0.552825 0.867204
vt 0.552825 0.920489
vt 0.499540 0.920489
vt 0.499540 0.920489
vt 0.499540 0.867204
vt 0.552825 0.867204
vt 0.499540 0.867204
vt 0.552825 0.867204
vt 0.552825 0.920489
vt 0.552825 0.867204
vt 0.552825 0.920489
vt 0.499540 0.920489
vt 0.499540 0.920489
vt 0.499540 0.867204
vt 0.552825 0.867204
vt 0.552825 0.867204
vt 0.552825 0.920489
vt 0.499540 0.920489
vt 0.499540 0.920489
vt 0.499540 0.867204
vt 0.552825 0.867204
vt 0.499540 0.867204
vt 0.552825 0.867204
vt 0.552825 0.920489
vt 0.499540 0.867204
vt 0.552825 0.867204
vt 0.552825 0.920489
vt 0.499540 0.867204
vt 0.552825 0.867204
vt 0.552825 0.920489
vt 0.499540 0.867204
vt 0.552825 0.867204
vt 0.552825 0.920489
vt 0.552825 0.920489
vt 0.499540 0.920489
vt 0.499540 0.867204
vt 0.552825 0.920489
vt 0.499540 0.920489
vt 0.499540 0.867204
vt 0.552825 0.867204
vt 0.552825 0.920489
vt 0.499540 0.920489
vt 0.499540 0.920489
vt 0.499540 0.867204
vt 0.552825 0.867204
vt 0.499540 0.867204
vt 0.552825 0.867204
vt 0.552825 0.920489
vt 0.552825 0.867204
vt 0.552825 0.920489
vt 0.499540 0.920489
vt 0.499540 0.920489
vt 0.499540 0.867204
vt 0.552825 0.867204
vt 0.499540 0.867204
vt 0.552825 0.867204
vt 0.552825 0.920489
vt 0.552825 0.867204
vt 0.552825 0.920489
vt 0.499540 0.920489
vt 0.499540 0.920489
vt 0.499540 0.867204
vt 0.552825 0.867204
vt 0.552825 0.867204
vt 0.552825 0.920489
vt 0.499540 0.920489
vt 0.499540 0.920489
vt 0.499540 0.867204
vt 0.552825 0.867204
vt 0.499540 0.867204
vt 0.552825 0.867204
vt 0.552825 0.920489
vt 0.499540 0.867204
vt 0.552825 0.867204
vt 0.552825 0.920489
vt 0.499540 0.867204
vt 0.552825 0.867204
vt 0.552825 0.920489
vt 0.499540 0.867204
vt 0.552825 0.867204
vt 0.552825 0.920489
vt 0.499540 0.867204
vt 0.552825 0.867204
vt 0.552825 0.920489
vt 0.552825 0.867204
vt 0.552825 0.920489
vt 0.499540 0.920489
vt 0.499540 0.920489
vt 0.499540 0.867204
vt 0.552825 0.867204
vt 0.552825 0.920489
vt 0.499540 0.920489
vt 0.499540 0.867204
vt 0.552825 0.920489
vt 0.499540 0.920489
vt 0.499540 0.867204
vt 0.552825 0.920489
vt 0.499540 0.920489
vt 0.499540 0.867204
vt 0.499540 0.867204
vt 0.552825 0.867204
vt 0.552825 0.920489
vt 0.552825 0.920489
vt 0.499540 0.920489
vt 0.499540 0.867204
vt 0.552825 0.905290
vt 0.499540 0.905290
vt 0.529939 0.882402
vt 0.499540 0.867204
vt 0.552825 0.867204
vt 0.552825 0.920489
vt 0.499540 0.867204
vt 0.552825 0.867204
vt 0.552825 0.920489
vt 0.552825 0.867204
vt 0.552825 0.920489
vt 0.499540 0.920489
vt 0.499540 0.920489
vt 0.499540 0.867204
vt 0.552825 0.867204
vt 0.499540 0.867204
vt 0.552825 0.867204
vt 0.552825 0.920489
vt 0.552825 0.867204
vt 0.552825 0.920489
vt 0.499540 0.920489
vt 0.499540 0.920489
vt 0.499540 0.867204
vt 0.552825 0.867204
vt 0.499540 0.867204
vt 0.552825 0.867204
vt 0.552825 0.920489
vt 0.499540 0.867204
vt 0.552825 0.867204
vt 0.552825 0.920489
vt 0.499540 0.867204
vt 0.552825 0.867204
vt 0.552825 0.920489
vt 0.552825 0.920489
vt 0.499540 0.920489
vt 0.499540 0.867204
vt 0.552825 0.920489
vt 0.499540 0.920489
vt 0.499540 0.867204
vt 0.552825 0.867204
vt 0.552825 0.920489
vt 0.499540 0.920489
vt 0.499540 0.920489
vt 0.499540 0.867204
vt 0.552825 0.867204
vt 0.552825 0.920489
vt 0.499540 0.920489
vt 0.499540 0.867204
vt 0.499540 0.867204
vt 0.552825 0.867204
vt 0.552825 0.920489
vt 0.499540 0.867204
vt 0.552825 0.867204
vt 0.552825 0.920489
vt 0.552825 0.920489
vt 0.499540 0.920489
vt 0.499540 0.867204
vt 0.499540 0.867204
vt 0.552825 0.867204
vt 0.552825 0.920489
vt 0.552825 0.920489
vt 0.499540 0.920489
vt 0.499540 0.867204
vt 0.499540 0.867204
vt 0.552825 0.867204
vt 0.552825 0.920489
vt 0.552825 0.920489
vt 0.499540 0.920489
vt 0.499540 0.867204
vt 0.552825 0.920489
vt 0.499540 0.920489
vt 0.499540 0.867204
vt 0.552825 0.920489
vt 0.499540 0.920489
vt 0.499540 0.867204
vt 0.499540 0.867204
vt 0.552825 0.867204
vt 0.552825 0.920489
vt 0.499540 0.867204
vt 0.552825 0.867204
vt 0.552825 0.920489
vt 0.499540 0.867204
vt 0.552825 0.867204
vt 0.552825 0.920489
vt 0.499540 0.867204
vt 0.552825 0.867204
vt 0.552825 0.920489
vt 0.552825 0.920489
vt 0.499540 0.920489
vt 0.499540 0.867204
vt 0.552825 0.920489
vt 0.499540 0.920489
vt 0.499540 0.867204
vt 0.552825 0.920489
vt 0.499540 0.920489
vt 0.499540 0.867204
vt 0.499540 0.867204
vt 0.552825 0.867204
vt 0.552825 0.920489
vt 0.552825 0.920489
vt 0.499540 0.920489
vt 0.499540 0.867204
vt 0.552825 0.920489
vt 0.499540 0.920489
vt 0.499540 0.867204
vt 0.552825 0.920489
vt 0.499540 0.920489
vt 0.499540 0.867204
vt 0.499540 0.867204
vt 0.552825 0.867204
vt 0.552825 0.920489
vt 0.499540 0.867204
vt 0.552825 0.867204
vt 0.552825 0.920489
vt 0.552825 0.920489
vt 0.499540 0.920489
vt 0.499540 0.867204
vt 0.552825 0.920489
vt 0.499540 0.920489
vt 0.499540 0.867204
vt 0.499540 0.867204
vt 0.552825 0.867204
vt 0.552825 0.920489
vt 0.499540 0.867204
vt 0.552825 0.867204
vt 0.552825 0.920489
vt 0.499540 0.867204
vt 0.552825 0.867204
vt 0.552825 0.920489
vt 0.499540 0.867204
vt 0.552825 0.867204
vt 0.552825 0.920489
vt 0.499540 0.867204
vt 0.552825 0.867204
vt 0.552825 0.920489
vt 0.552825 0.920489
vt 0.499540 0.920489
vt 0.499540 0.867204
vt 0.499540 0.867204
vt 0.552825 0.867204
vt 0.552825 0.920489
vt 0.499540 0.867204
vt 0.552825 0.867204
vt 0.552825 0.920489
vt 0.499540 0.867204
vt 0.552825 0.867204
vt 0.552825 0.920489
vt 0.552825 0.920489
vt 0.499540 0.920489
vt 0.499540 0.867204
vt 0.513333 0.920489
vt 0.513333 0.867204
vt 0.539032 0.892901
vt 0.552825 0.920489
vt 0.499540 0.920489
vt 0.499540 0.867204
vt 0.499540 0.867204
vt 0.552825 0.867204
vt 0.552825 0.920489
vt 0.552825 0.920489
vt 0.499540 0.920489
vt 0.499540 0.867204
vt 0.552825 0.920489
vt 0.499540 0.920489
vt 0.499540 0.867204
vt 0.499540 0.867204
vt 0.552825 0.867204
vt 0.552825 0.920489
vt 0.552825 0.920489
vt 0.499540 0.920489
vt 0.499540 0.867204
vt 0.499540 0.867204
vt 0.552825 0.867204
vt 0.552825 0.920489
vt 0.552825 0.920489
vt 0.499540 0.920489
vt 0.499540 0.867204
vt 0.499540 0.867204
vt 0.552825 0.867204
vt 0.552825 0.920489
vt 0.499540 0.867204
vt 0.552825 0.867204
vt 0.552825 0.920489
vt 0.499540 0.867204
vt 0.552825 0.867204
vt 0.552825 0.920489
vt 0.552825 0.920489
vt 0.499540 0.920489
vt 0.499540 0.867204
vt 0.499540 0.867204
vt 0.552825 0.867204
vt 0.552825 0.920489
vt 0.499540 0.867204
vt 0.552825 0.867204
vt 0.552825 0.920489
vt 0.499540 0.867204
vt 0.552825 0.867204
vt 0.552825 0.920489
vt 0.499540 0.867204
vt 0.552825 0.867204
vt 0.552825 0.920489
vt 0.552825 0.920489
vt 0.499540 0.920489
vt 0.499540 0.867204
vt 0.499540 0.867204
vt 0.552825 0.867204
vt 0.552825 0.920489
vt 0.499540 0.867204
vt 0.552825 0.867204
vt 0.552825 0.920489
vt 0.552825 0.920489
vt 0.499540 0.920489
vt 0.499540 0.867204
vt 0.552825 0.920489
vt 0.499540 0.920489
vt 0.499540 0.867204
vt 0.499540 0.867204
vt 0.552825 0.867204
vt 0.552825 0.920489
vt 0.499540 0.867204
vt 0.552825 0.867204
vt 0.552825 0.920489
vt 0.552825 0.920489
vt 0.499540 0.920489
vt 0.499540 0.867204
vt 0.552825 0.920489
vt 0.499540 0.920489
vt 0.499540 0.867204
vt 0.499540 0.867204
vt 0.552825 0.867204
vt 0.552825 0.920489
vt 0.552825 0.920489
vt 0.499540 0.920489
vt 0.499540 0.867204
vt 0.499540 0.867204
vt 0.552825 0.867204
vt 0.552825 0.920489
vt 0.499540 0.867204
vt 0.552825 0.867204
vt 0.552825 0.920489
vt 0.499540 0.867204
vt 0.552825 0.867204
vt 0.552825 0.920489
vt 0.499540 0.867204
vt 0.552825 0.867204
vt 0.552825 0.920489
vt 0.499540 0.867204
vt 0.552825 0.867204
vt 0.552825 0.920489
vt 0.499540 0.867204
vt 0.552825 0.867204
vt 0.552825 0.920489
vt 0.552825 0.920489
vt 0.499540 0.920489
vt 0.499540 0.867204
vt 0.499540 0.880054
vt 0.552825 0.880054
vt 0.552825 0.907638
vt 0.512390 0.880052
vt 0.539976 0.907640
vt 0.517089 0.907640
vt 0.510983 0.920489
vt 0.510983 0.867204
vt 0.541382 0.897600
vt 0.541382 0.907640
vt 0.510983 0.907640
vt 0.536683 0.880052
vt 0.090164 0.822504
vt 0.090164 0.957752
vt 0.225414 0.957752
vt 0.225414 0.957752
vt 0.225414 0.822504
vt 0.090164 0.822504
vt 0.090164 0.822504
vt 0.090164 0.957752
vt 0.225414 0.957752
vt 0.225414 0.957752
vt 0.225414 0.822504
vt 0.090164 0.822504
vt 0.090164 0.822504
vt 0.090164 0.957752
vt 0.225414 0.957752
vt 0.225414 0.957752
vt 0.225414 0.822504
vt 0.090164 0.822504
vt 0.090164 0.822504
vt 0.090164 0.957752
vt 0.225414 0.957752
vt 0.225414 0.957752
vt 0.225414 0.822504
vt 0.090164 0.822504
vt 0.090164 0.822504
vt 0.090164 0.957752
vt 0.225414 0.957752
vt 0.225414 0.957752
vt 0.225414 0.822504
vt 0.090164 0.822504
vt 0.090164 0.822504
vt 0.090164 0.957752
vt 0.225414 0.957752
vt 0.225414 0.957752
vt 0.225414 0.822504
vt 0.090164 0.822504
vt 0.225414 0.957752
vt 0.090164 0.822504
vt 0.090164 0.957752
vt 0.090164 0.822504
vt 0.090164 0.957752
vt 0.225414 0.957752
vt 0.225414 0.957752
vt 0.225414 0.822504
vt 0.090164 0.822504
vt 0.090164 0.822504
vt 0.225414 0.957752
vt 0.225414 0.822504
vt 0.090164 0.822504
vt 0.225414 0.957752
vt 0.225414 0.822504
vt 0.090164 0.822504
vt 0.225414 0.957752
vt 0.225414 0.822504
vt 0.225414 0.957752
vt 0.090164 0.822504
vt 0.090164 0.957752
vt 0.090164 0.822504
vt 0.090164 0.957752
vt 0.225414 0.957752
vt 0.225414 0.957752
vt 0.225414 0.822504
vt 0.090164 0.822504
vt 0.090164 0.822504
vt 0.225414 0.957752
vt 0.225414 0.822504
vt 0.090164 0.822504
vt 0.090164 0.957752
vt 0.225414 0.957752
vt 0.225414 0.957752
vt 0.225414 0.822504
vt 0.090164 0.822504
vt 0.090164 0.822504
vt 0.225414 0.957752
vt 0.225414 0.822504
vt 0.225414 0.957752
vt 0.090164 0.822504
vt 0.090164 0.957752
vt 0.090164 0.822504
vt 0.090164 0.957752
vt 0.225414 0.957752
vt 0.225414 0.957752
vt 0.225414 0.822504
vt 0.090164 0.822504
vt 0.090164 0.822504
vt 0.090164 0.957752
vt 0.225414 0.957752
vt 0.225414 0.957752
vt 0.225414 0.822504
vt 0.090164 0.822504
vt 0.090164 0.822504
vt 0.090164 0.957752
vt 0.225414 0.957752
vt 0.225414 0.957752
vt 0.225414 0.822504
vt 0.090164 0.822504
vt 0.090164 0.822504
vt 0.090164 0.957752
vt 0.225414 0.957752
vt 0.225414 0.957752
vt 0.225414 0.822504
vt 0.090164 0.822504
vt 0.090164 0.822504
vt 0.090164 0.957752
vt 0.225414 0.957752
vt 0.225414 0.957752
vt 0.225414 0.822504
vt 0.090164 0.822504
vt 0.090164 0.822504
vt 0.090164 0.957752
vt 0.225414 0.957752
vt 0.225414 0.957752
vt 0.225414 0.822504
vt 0.090164 0.822504
vt 0.090164 0.822504
vt 0.090164 0.957752
vt 0.225414 0.957752
vt 0.225414 0.957752
vt 0.225414 0.822504
vt 0.090164 0.822504
vt 0.090164 0.822504
vt 0.090164 0.957752
vt 0.225414 0.957752
vt 0.225414 0.957752
vt 0.225414 0.822504
vt 0.090164 0.822504
vt 0.090164 0.822504
vt 0.090164 0.957752
vt 0.225414 0.957752
vt 0.225414 0.957752
vt 0.225414 0.822504
vt 0.090164 0.822504
vt 0.090164 0.822504
vt 0.090164 0.957752
vt 0.225414 0.957752
vt 0.225414 0.957752
vt 0.225414 0.822504
vt 0.090164 0.822504
vt 0.090164 0.822504
vt 0.090164 0.957752
vt 0.225414 0.957752
vt 0.225414 0.957752
vt 0.225414 0.822504
vt 0.090164 0.822504
vt 0.090164 0.822504
vt 0.090164 0.957752
vt 0.225414 0.957752
vt 0.225414 0.957752
vt 0.225414 0.822504
vt 0.090164 0.822504
vt 0.090164 0.822504
vt 0.090164 0.957752
vt 0.225414 0.957752
vt 0.225414 0.957752
vt 0.225414 0.822504
vt 0.090164 0.822504
vt 0.090164 0.822504
vt 0.090164 0.957752
vt 0.225414 0.957752
vt 0.225414 0.957752
vt 0.225414 0.822504
vt 0.090164 0.822504
vt 0.174652 0.957752
vt 0.174551 0.822504
vt 0.140925 0.822504
vt 0.140925 0.822504
vt 0.140992 0.957752
vt 0.174652 0.957752
vt 0.174652 0.957752
vt 0.140992 0.957752
vt 0.140925 0.822504
vt 0.140925 0.822504
vt 0.174551 0.822504
vt 0.174652 0.957752
vt 0.714848 0.874166
vt 0.714848 0.921620
vt 0.762302 0.921620
vt 0.762302 0.921620
vt 0.762302 0.874166
vt 0.714848 0.874166
vt 0.714848 0.874166
vt 0.714848 0.921620
vt 0.762302 0.921620
vt 0.762302 0.921620
vt 0.762302 0.874166
vt 0.714848 0.874166
vt 0.714848 0.874166
vt 0.762302 0.921620
vt 0.762302 0.874166
vt 0.714848 0.874166
vt 0.714848 0.921620
vt 0.762302 0.921620
vt 0.762302 0.921620
vt 0.762302 0.874166
vt 0.714848 0.874166
vt 0.714848 0.874166
vt 0.762302 0.921620
vt 0.762302 0.874166
vt 0.714848 0.874166
vt 0.762302 0.921620
vt 0.762302 0.874166
vt 0.714848 0.874166
vt 0.762302 0.921620
vt 0.762302 0.874166
vt 0.714848 0.894065
vt 0.714848 0.900893
vt 0.762302 0.901721
vt 0.762302 0.902133
vt 0.762302 0.893652
vt 0.714848 0.894478
vt 0.714848 0.880665
vt 0.714848 0.913792
vt 0.762302 0.915121
vt 0.762302 0.915121
vt 0.762302 0.880665
vt 0.714848 0.880665
vt 0.714848 0.874166
vt 0.714848 0.921620
vt 0.762302 0.921620
vt 0.762302 0.921620
vt 0.762302 0.874166
vt 0.714848 0.874166
vt 0.714848 0.874166
vt 0.714848 0.921620
vt 0.762302 0.921620
vt 0.762302 0.921620
vt 0.762302 0.874166
vt 0.714848 0.874166
vt 0.762302 0.890931
vt 0.714848 0.889189
vt 0.714848 0.906597
vt 0.714848 0.905726
vt 0.762302 0.905726
vt 0.762302 0.890060
vt 0.677888 0.943287
vt 0.734748 0.951031
vt 0.799262 0.844755
vt 0.799262 0.850895
vt 0.747105 0.846359
vt 0.677888 0.949427
vt 0.762302 0.895027
vt 0.714848 0.894200
vt 0.714848 0.901586
vt 0.714848 0.900531
vt 0.762302 0.901814
vt 0.762302 0.893972
vt 0.680240 0.946494
vt 0.732397 0.951031
vt 0.796910 0.844755
vt 0.796910 0.847688
vt 0.749456 0.846359
vt 0.680240 0.949427
vt 0.762302 0.895484
vt 0.714848 0.894201
vt 0.714848 0.901585
vt 0.714848 0.900072
vt 0.762302 0.901814
vt 0.762302 0.893972
vt 0.714848 0.874166
vt 0.762302 0.874166
vt 0.762302 0.921620
vt 0.762302 0.921620
vt 0.714848 0.921620
vt 0.714848 0.874166
vt 0.714848 0.874166
vt 0.762302 0.874166
vt 0.762302 0.921620
vt 0.762302 0.921620
vt 0.714848 0.921620
vt 0.714848 0.874166
vt 0.714848 0.874166
vt 0.762302 0.874166
vt 0.762302 0.921620
vt 0.714848 0.874166
vt 0.762302 0.874166
vt 0.762302 0.921620
vt 0.762302 0.921620
vt 0.714848 0.921620
vt 0.714848 0.874166
vt 0.714848 0.874166
vt 0.762302 0.874166
vt 0.762302 0.921620
vt 0.714848 0.874166
vt 0.762302 0.874166
vt 0.762302 0.921620
vt 0.714848 0.874166
vt 0.762302 0.874166
vt 0.762302 0.921620
vt 0.714848 0.894478
vt 0.762302 0.893652
vt 0.762302 0.902133
vt 0.762302 0.901721
vt 0.714848 0.900893
vt 0.714848 0.894065
vt 0.714848 0.880665
vt 0.762302 0.880665
vt 0.762302 0.915121
vt 0.762302 0.915121
vt 0.714848 0.913792
vt 0.714848 0.880665
vt 0.714848 0.874166
vt 0.762302 0.874166
vt 0.762302 0.921620
vt 0.762302 0.921620
vt 0.714848 0.921620
vt 0.714848 0.874166
vt 0.714848 0.874166
vt 0.762302 0.874166
vt 0.762302 0.921620
vt 0.762302 0.921620
vt 0.714848 0.921620
vt 0.714848 0.874166
vt 0.762302 0.890060
vt 0.762302 0.905726
vt 0.714848 0.905726
vt 0.714848 0.906597
vt 0.714848 0.889189
vt 0.762302 0.890931
vt 0.677888 0.949427
vt 0.747105 0.846359
vt 0.799262 0.850895
vt 0.799262 0.844755
vt 0.734748 0.951031
vt 0.677888 0.943287
vt 0.762302 0.893972
vt 0.762302 0.901814
vt 0.714848 0.900531
vt 0.714848 0.901586
vt 0.714848 0.894200
vt 0.762302 0.895027
vt 0.680240 0.949427
vt 0.749456 0.846359
vt 0.796910 0.847688
vt 0.796910 0.844755
vt 0.732397 0.951031
vt 0.680240 0.946494
vt 0.762302 0.893972
vt 0.762302 0.901814
vt 0.714848 0.900072
vt 0.714848 0.901585
vt 0.714848 0.894201
vt 0.762302 0.895484
vt 0.407786 0.925691
vt 0.343750 0.893671
vt 0.343750 0.829632
vt 0.375769 0.829632
vt 0.407786 0.861652
vt 0.311733 0.829632
vt 0.343750 0.893671
vt 0.343750 0.957710
vt 0.311733 0.957710
vt 0.375769 0.829632
vt 0.407786 0.861652
vt 0.407786 0.925691
vt 0.343750 0.893671
vt 0.311733 0.829632
vt 0.407786 0.861652
vt 0.407786 0.925691
vt 0.343750 0.957710
vt 0.343750 0.893671
vt 0.343750 0.829632
vt 0.343750 0.893671
vt 0.407786 0.925691
vt 0.375769 0.829632
vt 0.311733 0.829632
vt 0.407786 0.861652
vt 0.311733 0.957710
vt 0.343750 0.957710
vt 0.343750 0.893671
vt 0.375769 0.829632
vt 0.407786 0.925691
vt 0.407786 0.861652
vt 0.407786 0.861652
vt 0.311733 0.829632
vt 0.343750 0.893671
vt 0.407786 0.925691
vt 0.343750 0.893671
vt 0.343750 0.957710
vt 0.501989 0.867204
vt 0.502041 0.920489
vt 0.550377 0.920489
vt 0.550377 0.920489
vt 0.550377 0.867204
vt 0.501989 0.867204
vt 0.499540 0.883736
vt 0.499540 0.903957
vt 0.552825 0.902315
vt 0.552825 0.903136
vt 0.552825 0.884557
vt 0.499540 0.884557
vt 0.552825 0.888459
vt 0.499540 0.887085
vt 0.499540 0.900607
vt 0.499540 0.899920
vt 0.552825 0.898546
vt 0.552825 0.887772
vt 0.552825 0.886534
vt 0.499540 0.888177
vt 0.499540 0.901158
vt 0.499540 0.900471
vt 0.552825 0.901845
vt 0.552825 0.885848
vt 0.501989 0.867204
vt 0.550377 0.867204
vt 0.550377 0.920489
vt 0.550377 0.920489
vt 0.502041 0.920489
vt 0.501989 0.867204
vt 0.499540 0.884557
vt 0.552825 0.884557
vt 0.552825 0.903136
vt 0.552825 0.902315
vt 0.499540 0.903957
vt 0.499540 0.883736
vt 0.552825 0.887772
vt 0.552825 0.898546
vt 0.499540 0.899920
vt 0.499540 0.900607
vt 0.499540 0.887085
vt 0.552825 0.888459
vt 0.552825 0.885848
vt 0.552825 0.901845
vt 0.499540 0.900471
vt 0.499540 0.901158
vt 0.499540 0.888177
vt 0.552825 0.886534
vt 0.279716 0.829632
vt 0.311733 0.829632
vt 0.311733 0.893671
vt 0.343750 0.829632
vt 0.343750 0.893671
vt 0.375769 0.829632
vt 0.407786 0.925691
vt 0.407786 0.925691
vt 0.375769 0.829632
vt 0.343750 0.829632
vt 0.343750 0.893671
vt 0.311733 0.829632
vt 0.311733 0.893671
vt 0.279716 0.829632
vt 0.279716 0.893671
vt 0.311733 0.893671
vt 0.279716 0.957710
vt 0.311733 0.957710
vt 0.552825 0.867204
vt 0.552825 0.920489
vt 0.499540 0.920489
vt 0.499540 0.867204
vt 0.552825 0.920489
vt 0.499540 0.920489
vt 0.499540 0.867204
vt 0.552825 0.867204
vt 0.714848 0.881994
vt 0.714848 0.915121
vt 0.762302 0.915121
vt 0.762302 0.880665
vt 0.501989 0.867204
vt 0.501989 0.920489
vt 0.550324 0.920489
vt 0.550377 0.867204
vt 0.512546 0.923544
vt 0.572744 0.914580
vt 0.532906 0.864149
vt 0.479621 0.865523
vt 0.512546 0.923544
vt 0.479621 0.865523
vt 0.532906 0.864149
vt 0.572744 0.914580
vt 0.090164 0.822504
vt 0.225414 0.822504
vt 0.225414 0.957752
vt 0.090164 0.957752
vt 0.090164 0.822504
vt 0.225414 0.822504
vt 0.225414 0.957752
vt 0.090164 0.957752
vt 0.499540 0.867204
vt 0.552825 0.894787
vt 0.519456 0.887120
vt 0.552825 0.920489
vt 0.552825 0.867204
vt 0.552825 0.920489
vt 0.499540 0.920489
vt 0.499540 0.867204
vt 0.552825 0.867204
vt 0.552825 0.920489
vt 0.499540 0.920489
vt 0.499540 0.867204
vt 0.552825 0.867204
vt 0.552825 0.920489
vt 0.499540 0.920489
vt 0.499540 0.867204
vt 0.552825 0.867204
vt 0.552825 0.920489
vt 0.499540 0.920489
vt 0.499540 0.867204
vt 0.499540 0.867204
vt 0.552825 0.867204
vt 0.552825 0.920489
vt 0.499540 0.920489
vt 0.552825 0.867204
vt 0.552825 0.920489
vt 0.499540 0.920489
vt 0.499540 0.867204
vt 0.499540 0.867204
vt 0.552825 0.867204
vt 0.552825 0.920489
vt 0.499540 0.920489
vt 0.499540 0.867204
vt 0.552825 0.867204
vt 0.552825 0.920489
vt 0.499540 0.920489
vt 0.499540 0.867204
vt 0.552825 0.867204
vt 0.552825 0.920489
vt 0.499540 0.920489
vt 0.499540 0.867204
vt 0.552825 0.867204
vt 0.552825 0.920489
vt 0.499540 0.920489
vt 0.499540 0.920489
vt 0.499540 0.867204
vt 0.519456 0.887120
vt 0.552825 0.920489
vt 0.552825 0.867204
vt 0.552825 0.920489
vt 0.499540 0.920489
vt 0.499540 0.867204
vt 0.552825 0.867204
vt 0.552825 0.920489
vt 0.499540 0.920489
vt 0.499540 0.867204
vt 0.090164 0.822504
vt 0.090164 0.957752
vt 0.225414 0.957752
vt 0.225414 0.822504
vt 0.090164 0.822504
vt 0.090164 0.957752
vt 0.225414 0.957752
vt 0.225414 0.822504
vt 0.090164 0.822504
vt 0.090164 0.957752
vt 0.225414 0.957752
vt 0.225414 0.822504
vt 0.090164 0.822504
vt 0.090164 0.957752
vt 0.225414 0.957752
vt 0.225414 0.822504
vt 0.090164 0.822504
vt 0.090164 0.957752
vt 0.225414 0.957752
vt 0.225414 0.822504
vt 0.090164 0.822504
vt 0.090164 0.957752
vt 0.225414 0.957752
vt 0.225414 0.822504
vt 0.090164 0.822504
vt 0.090164 0.957752
vt 0.225414 0.957752
vt 0.225414 0.822504
vt 0.090164 0.822504
vt 0.090164 0.957752
vt 0.225414 0.957752
vt 0.225414 0.822504
vt 0.090164 0.822504
vt 0.090164 0.957752
vt 0.225414 0.957752
vt 0.225414 0.822504
vt 0.090164 0.822504
vt 0.090164 0.957752
vt 0.225414 0.957752
vt 0.225414 0.822504
vt 0.090164 0.822504
vt 0.090164 0.957752
vt 0.225414 0.957752
vt 0.225414 0.822504
vt 0.090164 0.822504
vt 0.090164 0.957752
vt 0.225414 0.957752
vt 0.225414 0.822504
vt 0.090164 0.822504
vt 0.090164 0.957752
vt 0.225414 0.957752
vt 0.225414 0.822504
vt 0.090164 0.822504
vt 0.090164 0.957752
vt 0.225414 0.957752
vt 0.225414 0.822504
vt 0.090164 0.822504
vt 0.090164 0.957752
vt 0.225414 0.957752
vt 0.225414 0.822504
vt 0.090164 0.822504
vt 0.090164 0.957752
vt 0.225414 0.957752
vt 0.225414 0.822504
vt 0.090164 0.822504
vt 0.090164 0.957752
vt 0.225414 0.957752
vt 0.225414 0.822504
vt 0.090164 0.822504
vt 0.090164 0.957752
vt 0.225414 0.957752
vt 0.225414 0.822504
vt 0.090164 0.822504
vt 0.090164 0.957752
vt 0.225414 0.957752
vt 0.225414 0.822504
vt 0.090164 0.822504
vt 0.090164 0.957752
vt 0.225414 0.957752
vt 0.225414 0.822504
vt 0.090164 0.822504
vt 0.090164 0.957752
vt 0.225414 0.957752
vt 0.225414 0.822504
vt 0.090164 0.822504
vt 0.090164 0.957752
vt 0.225414 0.957752
vt 0.225414 0.822504
vt 0.090164 0.822504
vt 0.090164 0.957752
vt 0.225414 0.957752
vt 0.225414 0.822504
vt 0.090164 0.822504
vt 0.090164 0.957752
vt 0.225414 0.957752
vt 0.225414 0.822504
vt 0.090164 0.822504
vt 0.090164 0.957752
vt 0.225414 0.957752
vt 0.225414 0.822504
vt 0.090164 0.822504
vt 0.090164 0.957752
vt 0.225414 0.957752
vt 0.225414 0.822504
vt 0.090164 0.822504
vt 0.090164 0.957752
vt 0.225414 0.957752
vt 0.225414 0.822504
vt 0.147878 0.822504
vt 0.147857 0.957752
vt 0.167721 0.957752
vt 0.167721 0.822504
vt 0.090164 0.870374
vt 0.090164 0.909902
vt 0.225413 0.909902
vt 0.225413 0.870354
vt 0.090164 0.822504
vt 0.090164 0.957752
vt 0.225413 0.957752
vt 0.225413 0.822504
vt 0.122149 0.822504
vt 0.122149 0.957752
vt 0.193429 0.957752
vt 0.193429 0.822504
vt 0.174635 0.957752
vt 0.174569 0.822504
vt 0.140942 0.822504
vt 0.140976 0.957752
vt 0.174618 0.957752
vt 0.174585 0.822504
vt 0.140960 0.822504
vt 0.140960 0.957752
vt 0.112596 0.822504
vt 0.112584 0.957752
vt 0.202992 0.957752
vt 0.202993 0.822504
vt 0.145886 0.822504
vt 0.145884 0.957752
vt 0.169694 0.957752
vt 0.169694 0.822504
vt 0.147878 0.822504
vt 0.167721 0.822504
vt 0.167721 0.957752
vt 0.147857 0.957752
vt 0.090164 0.870374
vt 0.225413 0.870354
vt 0.225413 0.909902
vt 0.090164 0.909902
vt 0.090164 0.822504
vt 0.225413 0.822504
vt 0.225413 0.957752
vt 0.090164 0.957752
vt 0.122149 0.822504
vt 0.193429 0.822504
vt 0.193429 0.957752
vt 0.122149 0.957752
vt 0.174635 0.957752
vt 0.140976 0.957752
vt 0.140942 0.822504
vt 0.174569 0.822504
vt 0.174618 0.957752
vt 0.140960 0.957752
vt 0.140960 0.822504
vt 0.174585 0.822504
vt 0.112596 0.822504
vt 0.202993 0.822504
vt 0.202992 0.957752
vt 0.112584 0.957752
vt 0.145886 0.822504
vt 0.169694 0.822504
vt 0.169694 0.957752
vt 0.145884 0.957752
vt 0.714848 0.874166
vt 0.714848 0.921620
vt 0.762302 0.921620
vt 0.762302 0.874166
vt 0.714848 0.874166
vt 0.714848 0.921620
vt 0.762302 0.921620
vt 0.762302 0.874166
vt 0.714848 0.874166
vt 0.714848 0.921620
vt 0.762302 0.921620
vt 0.762302 0.874166
vt 0.714848 0.874166
vt 0.714848 0.921620
vt 0.762302 0.921620
vt 0.762302 0.874166
vt 0.714848 0.874166
vt 0.714848 0.921620
vt 0.762302 0.921620
vt 0.762302 0.874166
vt 0.714848 0.874166
vt 0.714848 0.921620
vt 0.762302 0.921620
vt 0.762302 0.874166
vt 0.714848 0.874166
vt 0.714848 0.921620
vt 0.762302 0.921620
vt 0.762302 0.874166
vt 0.714848 0.874166
vt 0.714848 0.921620
vt 0.762302 0.921620
vt 0.762302 0.874166
vt 0.714848 0.874166
vt 0.714848 0.921620
vt 0.762302 0.921620
vt 0.762302 0.874166
vt 0.714848 0.874166
vt 0.714848 0.921620
vt 0.762302 0.921620
vt 0.762302 0.874166
vt 0.714848 0.874166
vt 0.714848 0.921620
vt 0.762302 0.921620
vt 0.762302 0.874166
vt 0.714848 0.874166
vt 0.714848 0.921620
vt 0.762302 0.921620
vt 0.762302 0.874166
vt 0.722011 0.874166
vt 0.722011 0.921620
vt 0.755139 0.921620
vt 0.755139 0.874166
vt 0.714848 0.880665
vt 0.714848 0.915121
vt 0.762302 0.915121
vt 0.762302 0.880665
vt 0.714848 0.874166
vt 0.714848 0.921620
vt 0.762302 0.921620
vt 0.762302 0.874166
vt 0.714848 0.889189
vt 0.714848 0.906597
vt 0.762302 0.906597
vt 0.762302 0.889189
vt 0.714848 0.890060
vt 0.714848 0.905726
vt 0.762302 0.905726
vt 0.762302 0.890060
vt 0.714848 0.874166
vt 0.714848 0.921620
vt 0.762302 0.921620
vt 0.762302 0.874166
vt 0.714848 0.874166
vt 0.714848 0.921620
vt 0.762302 0.921620
vt 0.762302 0.874166
vt 0.714848 0.874166
vt 0.714848 0.921620
vt 0.762302 0.921620
vt 0.762302 0.874166
vt 0.762302 0.894479
vt 0.714848 0.894479
vt 0.714848 0.901307
vt 0.762302 0.901307
vt 0.762302 0.893653
vt 0.714848 0.893653
vt 0.714848 0.902134
vt 0.762302 0.902134
vt 0.714848 0.902478
vt 0.762302 0.902478
vt 0.762302 0.893308
vt 0.714848 0.893308
vt 0.714848 0.902463
vt 0.762302 0.902463
vt 0.762302 0.893323
vt 0.714848 0.893323
vt 0.762302 0.894200
vt 0.714848 0.894200
vt 0.714848 0.901586
vt 0.762302 0.901586
vt 0.762302 0.893972
vt 0.714848 0.893972
vt 0.714848 0.901814
vt 0.762302 0.901814
vt 0.714848 0.902478
vt 0.762302 0.902478
vt 0.762302 0.893309
vt 0.714848 0.893309
vt 0.714848 0.902464
vt 0.762302 0.902464
vt 0.762302 0.893322
vt 0.714848 0.893322
vt 0.762302 0.894201
vt 0.714848 0.894201
vt 0.714848 0.901585
vt 0.762302 0.901585
vt 0.762302 0.893972
vt 0.714848 0.893972
vt 0.714848 0.901814
vt 0.762302 0.901814
vt 0.714848 0.874166
vt 0.762302 0.874166
vt 0.762302 0.921620
vt 0.714848 0.921620
vt 0.714848 0.874166
vt 0.762302 0.874166
vt 0.762302 0.921620
vt 0.714848 0.921620
vt 0.714848 0.874166
vt 0.762302 0.874166
vt 0.762302 0.921620
vt 0.714848 0.921620
vt 0.714848 0.874166
vt 0.762302 0.874166
vt 0.762302 0.921620
vt 0.714848 0.921620
vt 0.714848 0.874166
vt 0.762302 0.874166
vt 0.762302 0.921620
vt 0.714848 0.921620
vt 0.714848 0.874166
vt 0.762302 0.874166
vt 0.762302 0.921620
vt 0.714848 0.921620
vt 0.714848 0.874166
vt 0.762302 0.874166
vt 0.762302 0.921620
vt 0.714848 0.921620
vt 0.714848 0.874166
vt 0.762302 0.874166
vt 0.762302 0.921620
vt 0.714848 0.921620
vt 0.714848 0.874166
vt 0.762302 0.874166
vt 0.762302 0.921620
vt 0.714848 0.921620
vt 0.714848 0.874166
vt 0.762302 0.874166
vt 0.762302 0.921620
vt 0.714848 0.921620
vt 0.714848 0.874166
vt 0.762302 0.874166
vt 0.762302 0.921620
vt 0.714848 0.921620
vt 0.714848 0.874166
vt 0.762302 0.874166
vt 0.762302 0.921620
vt 0.714848 0.921620
vt 0.722011 0.874166
vt 0.755139 0.874166
vt 0.755139 0.921620
vt 0.722011 0.921620
vt 0.714848 0.880665
vt 0.762302 0.880665
vt 0.762302 0.915121
vt 0.714848 0.915121
vt 0.714848 0.881994
vt 0.762302 0.880665
vt 0.762302 0.915121
vt 0.714848 0.915121
vt 0.714848 0.874166
vt 0.762302 0.874166
vt 0.762302 0.921620
vt 0.714848 0.921620
vt 0.714848 0.889189
vt 0.762302 0.889189
vt 0.762302 0.906597
vt 0.714848 0.906597
vt 0.714848 0.890060
vt 0.762302 0.890060
vt 0.762302 0.905726
vt 0.714848 0.905726
vt 0.714848 0.874166
vt 0.762302 0.874166
vt 0.762302 0.921620
vt 0.714848 0.921620
vt 0.714848 0.874166
vt 0.762302 0.874166
vt 0.762302 0.921620
vt 0.714848 0.921620
vt 0.714848 0.874166
vt 0.762302 0.874166
vt 0.762302 0.921620
vt 0.714848 0.921620
vt 0.762302 0.894479
vt 0.762302 0.901307
vt 0.714848 0.901307
vt 0.714848 0.894479
vt 0.762302 0.893653
vt 0.762302 0.902134
vt 0.714848 0.902134
vt 0.714848 0.893653
vt 0.714848 0.902478
vt 0.714848 0.893308
vt 0.762302 0.893308
vt 0.762302 0.902478
vt 0.714848 0.902463
vt 0.714848 0.893323
vt 0.762302 0.893323
vt 0.762302 0.902463
vt 0.762302 0.894200
vt 0.762302 0.901586
vt 0.714848 0.901586
vt 0.714848 0.894200
vt 0.762302 0.893972
vt 0.762302 0.901814
vt 0.714848 0.901814
vt 0.714848 0.893972
vt 0.714848 0.902478
vt 0.714848 0.893309
vt 0.762302 0.893309
vt 0.762302 0.902478
vt 0.714848 0.902464
vt 0.714848 0.893322
vt 0.762302 0.893322
vt 0.762302 0.902464
vt 0.762302 0.894201
vt 0.762302 0.901585
vt 0.714848 0.901585
vt 0.714848 0.894201
vt 0.762302 0.893972
vt 0.762302 0.901814
vt 0.714848 0.901814
vt 0.714848 0.893972
vt 0.279716 0.829632
vt 0.407786 0.829632
vt 0.407786 0.893671
vt 0.279716 0.893671
vt 0.407786 0.893671
vt 0.407786 0.925691
vt 0.279716 0.925691
vt 0.279716 0.893671
vt 0.343750 0.893671
vt 0.311733 0.893671
vt 0.311733 0.829632
vt 0.311733 0.957710
vt 0.407786 0.925691
vt 0.407786 0.957710
vt 0.279716 0.957710
vt 0.279716 0.925691
vt 0.311733 0.829632
vt 0.375769 0.829632
vt 0.375769 0.957710
vt 0.311733 0.957710
vt 0.279716 0.829632
vt 0.279716 0.893671
vt 0.407786 0.893671
vt 0.407786 0.829632
vt 0.407786 0.893671
vt 0.279716 0.893671
vt 0.279716 0.925691
vt 0.407786 0.925691
vt 0.311733 0.829632
vt 0.311733 0.893671
vt 0.343750 0.893671
vt 0.311733 0.957710
vt 0.407786 0.925691
vt 0.279716 0.925691
vt 0.279716 0.957710
vt 0.407786 0.957710
vt 0.311733 0.829632
vt 0.311733 0.957710
vt 0.375769 0.957710
vt 0.375769 0.829632
vt 0.090164 0.822504
vt 0.225414 0.822504
vt 0.225414 0.957752
vt 0.090164 0.957752
vt 0.090164 0.822504
vt 0.225414 0.822504
vt 0.225414 0.957752
vt 0.090164 0.957752
vt 0.090164 0.822504
vt 0.225414 0.822504
vt 0.225414 0.957752
vt 0.090164 0.957752
vt 0.090164 0.822504
vt 0.225414 0.822504
vt 0.225414 0.957752
vt 0.090164 0.957752
vt 0.090164 0.822504
vt 0.225414 0.822504
vt 0.225414 0.957752
vt 0.090164 0.957752
vt 0.090164 0.822504
vt 0.225414 0.822504
vt 0.225414 0.957752
vt 0.090164 0.957752
vt 0.502015 0.867204
vt 0.502015 0.920489
vt 0.550350 0.920489
vt 0.550350 0.867204
vt 0.499540 0.867204
vt 0.499540 0.920489
vt 0.552825 0.920489
vt 0.552825 0.867204
vt 0.499540 0.888458
vt 0.499540 0.899235
vt 0.552825 0.899235
vt 0.552825 0.888458
vt 0.519422 0.867204
vt 0.519422 0.920489
vt 0.532943 0.920489
vt 0.532943 0.867204
vt 0.499540 0.869653
vt 0.499540 0.918039
vt 0.552825 0.918039
vt 0.552825 0.869653
vt 0.499540 0.867204
vt 0.499540 0.920489
vt 0.552825 0.920489
vt 0.552825 0.867204
vt 0.552825 0.884555
vt 0.499540 0.884555
vt 0.499540 0.903138
vt 0.552825 0.903138
vt 0.516071 0.867204
vt 0.516071 0.920489
vt 0.536294 0.920489
vt 0.536294 0.867204
vt 0.521457 0.867204
vt 0.521457 0.920489
vt 0.530909 0.920489
vt 0.530909 0.867204
vt 0.499540 0.896627
vt 0.552825 0.896627
vt 0.552825 0.891065
vt 0.499540 0.891065
vt 0.552825 0.885849
vt 0.499540 0.885849
vt 0.499540 0.901843
vt 0.552825 0.901843
vt 0.519692 0.867204
vt 0.519692 0.920489
vt 0.532673 0.920489
vt 0.532673 0.867204
vt 0.502015 0.867204
vt 0.550350 0.867204
vt 0.550350 0.920489
vt 0.502015 0.920489
vt 0.501989 0.867204
vt 0.550377 0.867204
vt 0.550324 0.920489
vt 0.501989 0.920489
vt 0.499540 0.867204
vt 0.552825 0.867204
vt 0.552825 0.920489
vt 0.499540 0.920489
vt 0.499540 0.888458
vt 0.552825 0.888458
vt 0.552825 0.899235
vt 0.499540 0.899235
vt 0.519422 0.867204
vt 0.532943 0.867204
vt 0.532943 0.920489
vt 0.519422 0.920489
vt 0.499540 0.869653
vt 0.552825 0.869653
vt 0.552825 0.918039
vt 0.499540 0.918039
vt 0.499540 0.867204
vt 0.552825 0.867204
vt 0.552825 0.920489
vt 0.499540 0.920489
vt 0.552825 0.884555
vt 0.552825 0.903138
vt 0.499540 0.903138
vt 0.499540 0.884555
vt 0.516071 0.867204
vt 0.536294 0.867204
vt 0.536294 0.920489
vt 0.516071 0.920489
vt 0.521457 0.867204
vt 0.530909 0.867204
vt 0.530909 0.920489
vt 0.521457 0.920489
vt 0.499540 0.896627
vt 0.499540 0.891065
vt 0.552825 0.891065
vt 0.552825 0.896627
vt 0.552825 0.885849
vt 0.552825 0.901843
vt 0.499540 0.901843
vt 0.499540 0.885849
vt 0.519692 0.867204
vt 0.532673 0.867204
vt 0.532673 0.920489
vt 0.519692 0.920489
vt 0.683596 0.964881
vt 0.726519 0.963208
vt 0.760037 0.916973
vt 0.714848 0.917395
vt 0.793554 0.870736
vt 0.746100 0.869910
vt 0.793554 0.862255
vt 0.746100 0.863082
vt 0.793554 0.854413
vt 0.746100 0.855698
vt 0.793554 0.846571
vt 0.746100 0.848312
vt 0.746100 0.830905
vt 0.793554 0.830905
vt 0.279716 0.829632
vt 0.279716 0.957710
vt 0.311733 0.957710
vt 0.311733 0.829632
vt 0.343750 0.957710
vt 0.343750 0.829632
vt 0.375769 0.957710
vt 0.375769 0.829632
vt 0.407786 0.957710
vt 0.407786 0.829632
vt 0.578556 0.940409
vt 0.578556 0.887124
vt 0.559975 0.887124
vt 0.558333 0.940409
vt 0.543978 0.887124
vt 0.545352 0.940409
vt 0.533205 0.887124
vt 0.531831 0.940409
vt 0.482776 0.847283
vt 0.473809 0.907479
vt 0.760037 0.916973
vt 0.726519 0.963208
vt 0.683596 0.964881
vt 0.714848 0.917395
vt 0.793554 0.870736
vt 0.746100 0.869910
vt 0.793554 0.862255
vt 0.746100 0.863082
vt 0.793554 0.854413
vt 0.746100 0.855698
vt 0.793554 0.846571
vt 0.746100 0.848312
vt 0.746100 0.830905
vt 0.793554 0.830905
vt 0.559975 0.887124
vt 0.578556 0.887124
vt 0.578556 0.940409
vt 0.558333 0.940409
vt 0.543978 0.887124
vt 0.545352 0.940409
vt 0.533205 0.887124
vt 0.531831 0.940409
vt 0.482776 0.847283
vt 0.473809 0.907479
vt 0.311733 0.957710
vt 0.279716 0.957710
vt 0.279716 0.829632
vt 0.311733 0.829632
vt 0.343750 0.957710
vt 0.343750 0.829632
vt 0.375769 0.957710
vt 0.375769 0.829632
vt 0.407786 0.957710
vt 0.407786 0.829632
vt 0.311733 0.893671
vt 0.279716 0.893671
vt 0.279716 0.829632
vt 0.279716 0.957710
vt 0.311733 0.957710
vt 0.090164 0.937909
vt 0.090164 0.957752
vt 0.225413 0.957752
vt 0.225413 0.918225
vt 0.222541 0.865043
vt 0.213921 0.833137
vt 0.199556 0.822504
vt 0.128275 0.822504
vt 0.116437 0.840654
vt 0.090164 0.822504
vt 0.090164 0.842367
vt 0.116437 0.939606
vt 0.128275 0.957752
vt 0.199556 0.957752
vt 0.213921 0.947118
vt 0.222541 0.915212
vt 0.225413 0.862050
vt 0.225413 0.822504
vt 0.090164 0.937909
vt 0.116437 0.840654
vt 0.128275 0.822504
vt 0.199556 0.822504
vt 0.213921 0.833137
vt 0.222541 0.865043
vt 0.225413 0.918225
vt 0.225413 0.957752
vt 0.090164 0.957752
vt 0.090164 0.822504
vt 0.225413 0.822504
vt 0.225413 0.862050
vt 0.222541 0.915212
vt 0.213921 0.947118
vt 0.199556 0.957752
vt 0.128275 0.957752
vt 0.116437 0.939606
vt 0.090164 0.842367
vt 0.311733 0.829632
vt 0.343750 0.893671
vt 0.279716 0.893671
vt 0.407786 0.861652
vt 0.407786 0.893671
vt 0.343750 0.925691
vt 0.279716 0.925691
vt 0.407786 0.925691
vt 0.343750 0.957710
vt 0.279716 0.957710
vt 0.407786 0.957710
vt 0.311733 0.829632
vt 0.279716 0.893671
vt 0.343750 0.893671
vt 0.407786 0.893671
vt 0.407786 0.861652
vt 0.343750 0.925691
vt 0.279716 0.925691
vt 0.407786 0.925691
vt 0.343750 0.957710
vt 0.279716 0.957710
vt 0.407786 0.957710
vt 0.056099 0.392447
vt 0.065293 0.392327
vt 0.065582 0.414388
vt 0.056388 0.414508
vt 0.034933 0.461153
vt 0.034327 0.414797
vt 0.056994 0.460864
vt 0.064687 0.345971
vt 0.055493 0.346091
vt 0.055205 0.324030
vt 0.064399 0.323910
vt 0.087643 0.414100
vt 0.088249 0.460456
vt 0.066188 0.460744
vt 0.326094 0.378085
vt 0.326094 0.368890
vt 0.348157 0.368890
vt 0.348157 0.378085
vt 0.394517 0.400147
vt 0.348157 0.400147
vt 0.394517 0.378084
vt 0.279734 0.368890
vt 0.279734 0.378085
vt 0.257671 0.378085
vt 0.257671 0.368890
vt 0.348157 0.346827
vt 0.394517 0.346827
vt 0.394517 0.368890
vt 0.274916 0.249517
vt 0.282050 0.178895
vt 0.299717 0.180085
vt 0.297313 0.251026
vt 0.319750 0.273484
vt 0.297302 0.273474
vt 0.319761 0.251037
vt 0.264502 0.176528
vt 0.252670 0.246517
vt 0.230674 0.242038
vt 0.247150 0.172995
vt 0.299726 0.162378
vt 0.317433 0.162386
vt 0.317424 0.180094
vt 0.424622 0.254204
vt 0.431796 0.183584
vt 0.449422 0.184777
vt 0.447018 0.255719
vt 0.469462 0.278171
vt 0.447014 0.278167
vt 0.469466 0.255723
vt 0.414291 0.181208
vt 0.402378 0.251184
vt 0.380388 0.246673
vt 0.396985 0.177658
vt 0.449425 0.167111
vt 0.467091 0.167114
vt 0.467087 0.184780
vt 0.294237 0.095421
vt 0.307991 0.022194
vt 0.330053 0.026338
vt 0.324744 0.101151
vt 0.286396 0.016067
vt 0.259644 0.085607
vt 0.230674 0.074462
vt 0.265445 0.008007
vt 0.329619 0.003894
vt 0.352062 0.003460
vt 0.352497 0.025903
vt 0.360696 0.100455
vt 0.384428 0.045168
vt 0.449678 0.081137
vt 0.438842 0.100795
vt 0.369443 0.072352
vt 0.430132 0.144597
vt 0.355952 0.137621
vt 0.358858 0.106717
vt 0.432234 0.122248
vt 0.430066 0.167045
vt 0.452580 0.144664
vt 0.452513 0.167112
vt 0.355845 0.173580
vt 0.160305 0.113707
vt 0.165523 0.113035
vt 0.167756 0.176964
vt 0.162561 0.176975
vt 0.165788 0.241063
vt 0.160578 0.240361
vt 0.113442 0.121942
vt 0.139435 0.116396
vt 0.141781 0.177019
vt 0.113643 0.177052
vt 0.087930 0.125939
vt 0.139738 0.237553
vt 0.113607 0.232204
vt 0.086362 0.177086
vt 0.059801 0.135396
vt 0.088105 0.228271
vt 0.059352 0.177145
vt 0.059970 0.218802
vt 0.080816 0.079313
vt 0.051668 0.085263
vt 0.034327 0.050004
vt 0.057751 0.034725
vt 0.057697 0.319193
vt 0.034340 0.303826
vt 0.051837 0.268701
vt 0.080973 0.274705
vt 0.105303 0.071291
vt 0.083398 0.020707
vt 0.083271 0.333293
vt 0.105420 0.282793
vt 0.131863 0.067248
vt 0.111100 0.009657
vt 0.110902 0.344455
vt 0.131938 0.286937
vt 0.156416 0.061283
vt 0.151505 0.062476
vt 0.131318 0.004696
vt 0.136373 0.003456
vt 0.136124 0.350793
vt 0.131080 0.349525
vt 0.151551 0.291791
vt 0.156454 0.293005
vt 0.485318 0.116804
vt 0.457391 0.116804
vt 0.449110 0.060132
vt 0.485318 0.060132
vt 0.457391 0.003460
vt 0.485318 0.003460
vt 0.500760 0.116804
vt 0.512681 0.060132
vt 0.500760 0.003460
vt 0.158447 0.259621
vt 0.163513 0.260125
vt 0.110304 0.253299
vt 0.138182 0.257605
vt 0.083878 0.249046
vt 0.054948 0.243649
vt 0.163355 0.094111
vt 0.158295 0.094609
vt 0.138053 0.096599
vt 0.110034 0.100763
vt 0.083664 0.104982
vt 0.054755 0.110416
vt 0.200314 0.447073
vt 0.199676 0.435678
vt 0.240549 0.434893
vt 0.240151 0.447820
vt 0.176071 0.448106
vt 0.176617 0.434599
vt 0.280386 0.435643
vt 0.281023 0.447037
vt 0.304629 0.434611
vt 0.304082 0.448118
vt 0.110411 0.447759
vt 0.110872 0.434703
vt 0.152295 0.435605
vt 0.152880 0.446997
vt 0.327820 0.435721
vt 0.328404 0.447114
vt 0.370289 0.434962
vt 0.369828 0.448018
vt 0.200563 0.428894
vt 0.240570 0.427902
vt 0.240129 0.454812
vt 0.200934 0.453851
vt 0.176676 0.427528
vt 0.176096 0.455176
vt 0.279766 0.428864
vt 0.280136 0.453822
vt 0.304604 0.427541
vt 0.304023 0.455189
vt 0.112727 0.427623
vt 0.151774 0.428829
vt 0.152097 0.453773
vt 0.112224 0.454837
vt 0.328604 0.428946
vt 0.328925 0.453889
vt 0.368476 0.427884
vt 0.367972 0.455098
vt 0.269998 0.306043
vt 0.271399 0.278071
vt 0.311538 0.278669
vt 0.311505 0.306136
vt 0.242938 0.301204
vt 0.247501 0.274238
vt 0.351667 0.278159
vt 0.353014 0.306138
vt 0.375554 0.274353
vt 0.380106 0.301330
vt 0.176370 0.283576
vt 0.186899 0.258859
vt 0.223783 0.271113
vt 0.218314 0.297844
vt 0.399224 0.271242
vt 0.404655 0.298001
vt 0.436080 0.258859
vt 0.446657 0.283527
vt 0.264488 0.319667
vt 0.311488 0.322879
vt 0.240809 0.315885
vt 0.358496 0.319775
vt 0.382155 0.316058
vt 0.171721 0.297882
vt 0.216008 0.311468
vt 0.407037 0.311616
vt 0.451352 0.297769
vt 0.259223 0.344761
vt 0.289197 0.348122
vt 0.236534 0.341352
vt 0.333728 0.348178
vt 0.363720 0.344889
vt 0.386440 0.341519
vt 0.169692 0.305835
vt 0.213847 0.337069
vt 0.183862 0.329758
vt 0.409178 0.337247
vt 0.453412 0.305681
vt 0.439136 0.329994
vt 0.417764 0.335757
vt 0.440520 0.331798
vt 0.449801 0.361402
vt 0.424346 0.363153
vt 0.424532 0.420055
vt 0.449154 0.420672
vt 0.417665 0.447007
vt 0.399121 0.410859
vt 0.440451 0.450898
vt 0.395114 0.341477
vt 0.396910 0.371438
vt 0.395289 0.440654
vt 0.147226 0.320832
vt 0.458452 0.391124
vt 0.468448 0.391246
vt 0.444195 0.411375
vt 0.445091 0.370656
vt 0.426304 0.411126
vt 0.426171 0.372545
vt 0.408328 0.407566
vt 0.406448 0.374646
vt 0.286885 0.116907
vt 0.301308 0.112087
vt 0.307911 0.128696
vt 0.293025 0.133656
vt 0.314048 0.144875
vt 0.299196 0.150905
vt 0.272423 0.122169
vt 0.278377 0.139085
vt 0.283996 0.155675
vt 0.258327 0.126520
vt 0.263546 0.143549
vt 0.269057 0.161042
vt 0.244333 0.131066
vt 0.248795 0.148444
vt 0.253659 0.165181
vt 0.229896 0.134786
vt 0.233707 0.152401
vt 0.238115 0.170189
vt 0.215948 0.138418
vt 0.218606 0.156606
vt 0.221293 0.175184
vt 0.315037 0.106494
vt 0.328411 0.101117
vt 0.337132 0.117372
vt 0.322433 0.122913
vt 0.346054 0.134213
vt 0.329454 0.139839
vt 0.335106 0.159813
vt 0.330772 0.144677
vt 0.345674 0.139811
vt 0.350207 0.155265
vt 0.319878 0.164247
vt 0.315686 0.149327
vt 0.339442 0.174964
vt 0.354596 0.170494
vt 0.324214 0.179365
vt 0.240549 0.117455
vt 0.236419 0.104002
vt 0.249931 0.099726
vt 0.254138 0.113134
vt 0.263469 0.095488
vt 0.267775 0.108880
vt 0.224857 0.179367
vt 0.239880 0.174842
vt 0.300834 0.155579
vt 0.255095 0.169787
vt 0.270577 0.165759
vt 0.285543 0.160266
vt 0.139637 0.365542
vt 0.158151 0.345973
vt 0.180523 0.346221
vt 0.180527 0.368763
vt 0.202896 0.345967
vt 0.221415 0.365531
vt 0.139237 0.384446
vt 0.180529 0.387574
vt 0.221820 0.384434
vt 0.180532 0.405996
vt 0.141333 0.403334
vt 0.219729 0.403323
vt 0.180534 0.424183
vt 0.150948 0.422893
vt 0.210120 0.422885
vt 0.180522 0.335019
vt 0.151998 0.336419
vt 0.209046 0.336410
vt 0.129463 0.360977
vt 0.231588 0.360963
vt 0.127592 0.385282
vt 0.233466 0.385267
vt 0.130361 0.406733
vt 0.230702 0.406719
vt 0.137092 0.428294
vt 0.223978 0.428281
vt 0.223041 0.050908
vt 0.223864 0.066159
vt 0.205991 0.067579
vt 0.205248 0.051933
vt 0.188529 0.068949
vt 0.186970 0.053052
vt 0.221802 0.035728
vt 0.203994 0.036308
vt 0.186716 0.037029
vt 0.221695 0.021247
vt 0.203674 0.020766
vt 0.185349 0.020886
vt 0.221564 0.006999
vt 0.203071 0.005120
vt 0.184052 0.003460
vt 0.228850 0.111047
vt 0.230929 0.125277
vt 0.213143 0.129855
vt 0.211143 0.114303
vt 0.194989 0.134584
vt 0.193047 0.117129
vt 0.226657 0.096429
vt 0.208923 0.098820
vt 0.191615 0.100810
vt 0.225456 0.081328
vt 0.207700 0.083154
vt 0.189434 0.084906
vt 0.164750 0.023550
vt 0.149120 0.025564
vt 0.147226 0.009832
vt 0.162979 0.007835
vt 0.166707 0.039238
vt 0.151143 0.041265
vt 0.180381 0.021542
vt 0.179045 0.006003
vt 0.181981 0.037273
vt 0.235732 0.007201
vt 0.249814 0.007269
vt 0.249814 0.021375
vt 0.235756 0.021333
vt 0.249795 0.035500
vt 0.235753 0.035516
vt 0.184497 0.085347
vt 0.186814 0.101277
vt 0.188074 0.117312
vt 0.183699 0.069326
vt 0.182029 0.053376
vt 0.189750 0.132925
vt 0.503108 0.209598
vt 0.503105 0.187442
vt 0.545086 0.187436
vt 0.545089 0.209592
vt 0.503115 0.252511
vt 0.545095 0.252505
vt 0.046646 0.007611
vt 0.060738 0.006862
vt 0.053911 0.014800
vt 0.037922 0.015614
vt 0.044340 0.003477
vt 0.034327 0.017028
vt 0.064149 0.019595
vt 0.064664 0.023809
vt 0.052340 0.019633
vt 0.060549 0.003460
vt 0.079753 0.007432
vt 0.080690 0.008437
vt 0.083580 0.011481
vt 0.080853 0.003462
vt 0.053742 0.014832
vt 0.060567 0.006893
vt 0.046476 0.007644
vt 0.037753 0.015649
vt 0.044169 0.003510
vt 0.034158 0.017063
vt 0.064496 0.023840
vt 0.063980 0.019625
vt 0.052172 0.019666
vt 0.060378 0.003492
vt 0.080519 0.008465
vt 0.079583 0.007460
vt 0.083410 0.011508
vt 0.080682 0.003490
vt 0.467991 0.439640
vt 0.467990 0.420759
vt 0.519742 0.420755
vt 0.519744 0.439635
vt 0.467993 0.458520
vt 0.519745 0.458515
vt 0.467995 0.477400
vt 0.519747 0.477395
vt 0.467996 0.496280
vt 0.519749 0.496276
vt 0.538622 0.420753
vt 0.538624 0.439633
vt 0.449111 0.439641
vt 0.449110 0.420761
vt 0.491781 0.297048
vt 0.510661 0.297046
vt 0.510668 0.348798
vt 0.491788 0.348801
vt 0.472901 0.297051
vt 0.472908 0.348803
vt 0.454021 0.297053
vt 0.454028 0.348806
vt 0.529542 0.297043
vt 0.529549 0.348796
vt 0.472911 0.367683
vt 0.454031 0.367686
vt 0.454018 0.278173
vt 0.472898 0.278171
vt 0.512925 0.022344
vt 0.531806 0.022341
vt 0.531814 0.074093
vt 0.512934 0.074096
vt 0.361699 0.179356
vt 0.380579 0.179353
vt 0.380587 0.231105
vt 0.361707 0.231108
vt 0.342819 0.179359
vt 0.342827 0.231111
vt 0.323938 0.179362
vt 0.323947 0.231115
vt 0.531817 0.092973
vt 0.512937 0.092976
vt 0.512922 0.003464
vt 0.531803 0.003460
vt 0.188005 0.179361
vt 0.199988 0.179362
vt 0.199986 0.201196
vt 0.188002 0.201195
vt 0.169319 0.179359
vt 0.169317 0.201193
vt 0.218674 0.179364
vt 0.230658 0.179366
vt 0.230655 0.201200
vt 0.218672 0.201199
vt 0.188001 0.213179
vt 0.169315 0.213176
vt 0.169320 0.167375
vt 0.188006 0.167377
vt 0.388974 0.022151
vt 0.400958 0.022153
vt 0.400955 0.043987
vt 0.388971 0.043985
vt 0.370288 0.022148
vt 0.370285 0.043982
vt 0.358305 0.022146
vt 0.358302 0.043981
vt 0.419644 0.022155
vt 0.419640 0.043990
vt 0.370283 0.062668
vt 0.358299 0.062667
vt 0.358308 0.003461
vt 0.370291 0.003462
vt 0.090133 0.012134
vt 0.089018 0.014422
vt 0.085868 0.008902
vt 0.088412 0.008746
vt 0.089070 0.003462
vt 0.090485 0.005597
vt 0.095350 0.003460
vt 0.094270 0.005772
vt 0.098538 0.008920
vt 0.095999 0.009137
vt 0.095369 0.014423
vt 0.093932 0.012317
vt 0.289625 0.012872
vt 0.289221 0.005792
vt 0.312687 0.006103
vt 0.313092 0.013183
vt 0.287123 0.015514
vt 0.315085 0.015513
vt 0.287228 0.003461
vt 0.315189 0.003461
vt 0.383971 0.482136
vt 0.395306 0.457292
vt 0.415371 0.467811
vt 0.401385 0.491266
vt 0.374841 0.499550
vt 0.392256 0.508680
vt 0.451460 0.495094
vt 0.432708 0.514945
vt 0.417696 0.502246
vt 0.434164 0.480462
vt 0.428022 0.449017
vt 0.446816 0.461669
vt 0.365662 0.474967
vt 0.374211 0.449031
vt 0.506505 0.135684
vt 0.525385 0.135684
vt 0.525385 0.187436
vt 0.506505 0.187436
vt 0.487625 0.135684
vt 0.487625 0.187436
vt 0.468744 0.135684
vt 0.468745 0.187436
vt 0.544265 0.135684
vt 0.544265 0.187436
vt 0.487625 0.206316
vt 0.468745 0.206317
vt 0.468744 0.116804
vt 0.487624 0.116804
vn -0.897113 -0.248248 0.365461
vn -0.897113 -0.248248 0.365461
vn -0.897113 -0.248248 0.365461
vn -0.051138 0.413676 0.908987
vn -0.051138 0.413676 0.908987
vn -0.051138 0.413676 0.908987
vn 0.034767 -0.253261 0.966773
vn 0.034767 -0.253261 0.966773
vn 0.034767 -0.253261 0.966773
vn 0.107887 -0.169278 0.979645
vn 0.107887 -0.169278 0.979645
vn 0.107887 -0.169278 0.979646
vn -0.876661 0.323376 0.356222
vn -0.876661 0.323376 0.356222
vn -0.876661 0.323376 0.356222
vn 0.153439 0.292646 0.943830
vn 0.153439 0.292646 0.943830
vn 0.153439 0.292646 0.943830
vn 0.336955 0.269559 0.902108
vn 0.336955 0.269559 0.902108
vn 0.336955 0.269559 0.902108
vn 0.102768 0.287374 0.952289
vn 0.102768 0.287374 0.952289
vn 0.102768 0.287374 0.952289
vn -0.594271 -0.242911 0.766705
vn -0.594271 -0.242911 0.766705
vn -0.594271 -0.242911 0.766705
vn 0.401197 -0.698535 0.592528
vn 0.401197 -0.698535 0.592528
vn 0.401197 -0.698535 0.592528
vn 0.237396 -0.457005 0.857199
vn 0.237396 -0.457005 0.857199
vn 0.237396 -0.457005 0.857199
vn 0.269626 0.146362 0.951777
vn 0.269626 0.146362 0.951777
vn 0.269626 0.146362 0.951777
vn -0.010347 0.474518 -0.880185
vn -0.010347 0.474518 -0.880185
vn -0.010347 0.474518 -0.880185
vn -0.836519 -0.543093 -0.072705
vn -0.836519 -0.543093 -0.072705
vn -0.836519 -0.543093 -0.072705
vn -0.806099 -0.591781 0.000000
vn -0.806099 -0.591781 0.000000
vn -0.806099 -0.591781 0.000000
vn 0.022529 0.999086 -0.036316
vn 0.022529 0.999086 -0.036316
vn 0.022529 0.999086 -0.036316
vn -0.122693 0.992445 0.000000
vn -0.122693 0.992445 0.000000
vn -0.122693 0.992445 0.000000
vn 0.999353 -0.032852 -0.014675
vn 0.999353 -0.032852 -0.014675
vn 0.999353 -0.032852 -0.014675
vn -0.456408 0.889771 0.000000
vn -0.456408 0.889771 0.000000
vn -0.456408 0.889771 0.000000
vn -0.427330 0.903332 -0.037141
vn -0.427330 0.903333 -0.037141
vn -0.427330 0.903333 -0.037141
vn 0.497691 -0.867354 0.000000
vn 0.497691 -0.867354 0.000000
vn 0.497691 -0.867354 0.000000
vn 0.327567 0.915980 -0.231692
vn 0.327567 0.915980 -0.231692
vn 0.327567 0.915980 -0.231692
vn -0.921888 0.387457 0.000000
vn -0.921888 0.387457 0.000000
vn -0.921888 0.387457 0.000000
vn -0.978612 -0.023830 0.204329
vn -0.978612 -0.023830 0.204329
vn -0.978612 -0.023830 0.204329
vn -1.000000 0.000000 0.000000
vn -1.000000 0.000000 0.000000
vn -1.000000 0.000000 0.000000
vn 0.999675 -0.025484 0.000934
vn 0.999675 -0.025484 0.000934
vn 0.999675 -0.025484 0.000934
vn -0.999915 -0.013058 0.000000
vn -0.999915 -0.013058 0.000000
vn -0.999915 -0.013058 0.000000
vn -0.999906 -0.013547 -0.001876
vn -0.999906 -0.013547 -0.001876
vn -0.999907 -0.013547 -0.001876
vn 0.000012 -1.000000 -0.000630
vn 0.000012 -1.000000 -0.000630
vn 0.000012 -1.000000 -0.000630
vn -0.000056 -1.000000 -0.000711
vn -0.000056 -1.000000 -0.000711
vn -0.000056 -1.000000 -0.000711
vn 0.140601 -0.765282 0.628152
vn 0.140601 -0.765282 0.628152
vn 0.140601 -0.765282 0.628152
vn -0.917036 -0.398805 0.000000
vn -0.917036 -0.398805 0.000000
vn -0.917036 -0.398805 0.000000
vn -0.546123 -0.716990 0.433215
vn -0.546123 -0.716990 0.433215
vn -0.546123 -0.716990 0.433215
vn 0.730543 0.681835 -0.037511
vn 0.730543 0.681835 -0.037511
vn 0.730543 0.681836 -0.037511
vn 0.728621 0.683989 -0.035645
vn 0.728621 0.683989 -0.035645
vn 0.728621 0.683989 -0.035645
vn 0.098138 0.324543 0.940766
vn 0.098138 0.324543 0.940766
vn 0.098138 0.324543 0.940766
vn -0.415992 0.451981 0.789090
vn -0.415992 0.451981 0.789090
vn -0.415992 0.451981 0.789090
vn -0.635180 0.106666 0.764963
vn -0.635180 0.106666 0.764963
vn -0.635180 0.106666 0.764963
vn -0.556883 -0.408825 0.723010
vn -0.556883 -0.408825 0.723010
vn -0.556883 -0.408825 0.723010
vn 0.039221 0.423560 0.905019
vn 0.039221 0.423560 0.905019
vn 0.039221 0.423560 0.905019
vn -0.890881 -0.454237 0.000000
vn -0.890881 -0.454237 0.000000
vn -0.890881 -0.454237 0.000000
vn -0.119122 0.992835 0.009386
vn -0.119122 0.992835 0.009386
vn -0.119122 0.992835 0.009386
vn 0.022530 0.999145 0.034665
vn 0.022530 0.999145 0.034665
vn 0.022530 0.999145 0.034665
vn 0.975355 -0.220638 -0.001150
vn 0.975355 -0.220638 -0.001150
vn 0.975355 -0.220638 -0.001150
vn 0.757797 -0.648249 0.074271
vn 0.757797 -0.648249 0.074271
vn 0.757797 -0.648249 0.074271
vn 0.870101 -0.492874 0.000000
vn 0.870101 -0.492874 0.000000
vn 0.870101 -0.492874 0.000000
vn -0.993720 0.031754 0.107297
vn -0.993720 0.031754 0.107297
vn -0.993720 0.031754 0.107297
vn -0.420642 0.906832 0.026764
vn -0.420642 0.906832 0.026764
vn -0.420642 0.906832 0.026764
vn -0.435144 0.900280 0.012064
vn -0.435144 0.900280 0.012064
vn -0.435144 0.900280 0.012064
vn 0.764143 0.645034 0.003999
vn 0.764143 0.645034 0.003999
vn 0.764143 0.645034 0.003999
vn 0.770987 0.636823 0.006020
vn 0.770987 0.636823 0.006020
vn 0.770987 0.636823 0.006020
vn 0.371900 0.928255 0.005755
vn 0.371900 0.928255 0.005755
vn 0.371900 0.928255 0.005755
vn -0.933941 0.357394 0.004789
vn -0.933941 0.357395 0.004789
vn -0.933941 0.357395 0.004789
vn 0.998426 -0.055992 -0.003332
vn 0.998426 -0.055992 -0.003332
vn 0.998426 -0.055992 -0.003332
vn -0.999995 -0.003120 0.000000
vn -0.999995 -0.003120 0.000000
vn -0.999995 -0.003120 0.000000
vn 0.142276 -0.979307 0.143931
vn 0.142276 -0.979307 0.143931
vn 0.142276 -0.979307 0.143931
vn 0.716221 0.697152 0.031730
vn 0.716221 0.697151 0.031730
vn 0.716221 0.697152 0.031730
vn 0.730486 0.681782 0.039541
vn 0.730486 0.681783 0.039541
vn 0.730486 0.681783 0.039541
vn -0.027646 -0.340276 0.939919
vn -0.027646 -0.340276 0.939919
vn -0.027646 -0.340276 0.939919
vn 0.153716 0.297780 0.942177
vn 0.153716 0.297780 0.942177
vn 0.153716 0.297780 0.942177
vn 0.890719 -0.136889 -0.433453
vn 0.890719 -0.136889 -0.433453
vn 0.890719 -0.136889 -0.433453
vn 0.230088 -0.037231 -0.972457
vn 0.230088 -0.037231 -0.972457
vn 0.230088 -0.037231 -0.972457
vn -0.847703 -0.141689 -0.511198
vn -0.847703 -0.141689 -0.511198
vn -0.847703 -0.141689 -0.511198
vn 0.075939 -0.581636 -0.809896
vn 0.075939 -0.581636 -0.809897
vn 0.075939 -0.581636 -0.809896
vn -0.836790 -0.541382 -0.081786
vn -0.836790 -0.541382 -0.081786
vn -0.836790 -0.541382 -0.081786
vn 0.981549 -0.138897 -0.131415
vn 0.981549 -0.138897 -0.131415
vn 0.981549 -0.138897 -0.131415
vn 0.861680 -0.494164 -0.115365
vn 0.861680 -0.494164 -0.115365
vn 0.861680 -0.494164 -0.115365
vn 0.682885 -0.730526 0.000000
vn 0.682885 -0.730526 0.000000
vn 0.682885 -0.730526 0.000000
vn -0.975399 0.198767 -0.095334
vn -0.975399 0.198767 -0.095334
vn -0.975399 0.198767 -0.095334
vn -0.435110 0.900197 0.018042
vn -0.435110 0.900197 0.018042
vn -0.435110 0.900197 0.018042
vn -0.456413 0.889768 0.000000
vn -0.456413 0.889768 0.000000
vn -0.456413 0.889768 0.000000
vn 0.780869 0.624695 0.000000
vn 0.780869 0.624695 0.000000
vn 0.780869 0.624695 0.000000
vn 0.237348 0.944894 0.225480
vn 0.237348 0.944894 0.225480
vn 0.237348 0.944894 0.225480
vn -0.871285 0.477373 0.113916
vn -0.871286 0.477373 0.113916
vn -0.871286 0.477373 0.113916
vn 0.999784 -0.008034 -0.019190
vn 0.999784 -0.008034 -0.019190
vn 0.999784 -0.008034 -0.019190
vn -0.999908 -0.005756 -0.012259
vn -0.999908 -0.005756 -0.012259
vn -0.999908 -0.005756 -0.012259
vn 0.073527 -0.367668 -0.927046
vn 0.073527 -0.367668 -0.927046
vn 0.073527 -0.367668 -0.927046
vn 0.004122 -0.425020 -0.905175
vn 0.004122 -0.425020 -0.905175
vn 0.004122 -0.425020 -0.905175
vn 1.000000 0.000183 0.000468
vn 1.000000 0.000183 0.000468
vn 1.000000 0.000183 0.000468
vn 0.007023 -0.318614 0.947859
vn 0.007023 -0.318614 0.947859
vn 0.007023 -0.318614 0.947859
vn -0.999988 -0.004900 -0.000678
vn -0.999988 -0.004900 -0.000678
vn -0.999988 -0.004900 -0.000678
vn -0.999986 -0.005392 -0.000004
vn -0.999985 -0.005392 -0.000004
vn -0.999985 -0.005392 -0.000004
vn 0.000942 -0.097046 -0.995279
vn 0.000942 -0.097046 -0.995279
vn 0.000942 -0.097046 -0.995279
vn 0.000004 -0.097454 -0.995240
vn 0.000004 -0.097454 -0.995240
vn 0.000004 -0.097454 -0.995240
vn 0.999987 0.005128 0.000712
vn 0.999987 0.005128 0.000712
vn 0.999987 0.005128 0.000712
vn 0.999988 0.004813 0.000004
vn 0.999988 0.004813 0.000004
vn 0.999988 0.004813 0.000004
vn -0.036536 0.588659 -0.807555
vn -0.036536 0.588659 -0.807555
vn -0.036536 0.588659 -0.807555
vn 0.233559 0.544932 -0.805294
vn 0.233559 0.544932 -0.805294
vn 0.233559 0.544932 -0.805294
vn 0.169972 0.962522 -0.211330
vn 0.169972 0.962522 -0.211330
vn 0.169972 0.962522 -0.211330
vn -0.800016 0.586021 -0.128666
vn -0.800016 0.586021 -0.128666
vn -0.800016 0.586021 -0.128666
vn -0.103657 -0.075399 -0.991751
vn -0.103657 -0.075399 -0.991751
vn -0.103657 -0.075399 -0.991751
vn -0.005576 -0.998218 -0.059414
vn -0.005576 -0.998218 -0.059414
vn -0.005576 -0.998218 -0.059414
vn 0.998410 -0.056358 -0.001198
vn 0.998410 -0.056358 -0.001198
vn 0.998410 -0.056358 -0.001198
vn 0.998897 -0.046878 -0.002740
vn 0.998897 -0.046878 -0.002740
vn 0.998897 -0.046878 -0.002740
vn -1.000000 0.000000 -0.000001
vn -1.000000 0.000000 -0.000001
vn -1.000000 0.000000 -0.000001
vn -0.999355 0.035675 0.004059
vn -0.999355 0.035675 0.004059
vn -0.999355 0.035675 0.004059
vn -0.961493 -0.016786 0.274317
vn -0.961493 -0.016786 0.274317
vn -0.961493 -0.016786 0.274317
vn 0.998415 -0.056267 -0.000888
vn 0.998415 -0.056267 -0.000888
vn 0.998415 -0.056267 -0.000888
vn 0.998481 -0.055096 0.000000
vn 0.998481 -0.055096 0.000000
vn 0.998481 -0.055096 0.000000
vn -1.000000 0.000000 0.000000
vn -1.000000 0.000000 0.000000
vn -1.000000 0.000000 0.000000
vn 0.006716 -0.247644 0.968828
vn 0.006716 -0.247644 0.968828
vn 0.006716 -0.247644 0.968828
vn -0.042275 -0.249967 0.967331
vn -0.042275 -0.249967 0.967331
vn -0.042275 -0.249967 0.967331
vn -0.109743 -0.987586 -0.112387
vn -0.109743 -0.987586 -0.112387
vn -0.109743 -0.987586 -0.112387
vn 0.027121 -0.999632 0.000000
vn 0.027121 -0.999632 0.000000
vn 0.027121 -0.999632 0.000000
vn 0.998363 -0.057200 0.000000
vn 0.998363 -0.057200 0.000000
vn 0.998363 -0.057200 0.000000
vn 0.013100 -0.483150 0.875440
vn 0.013100 -0.483150 0.875440
vn 0.013100 -0.483150 0.875440
vn 0.370603 0.928791 0.000000
vn 0.370603 0.928791 0.000000
vn 0.370603 0.928791 0.000000
vn 0.243623 0.969870 0.000000
vn 0.243623 0.969870 0.000000
vn 0.243623 0.969870 0.000000
vn -0.870588 0.476990 -0.120652
vn -0.870588 0.476990 -0.120652
vn -0.870588 0.476990 -0.120652
vn -0.933108 0.359597 0.000000
vn -0.933108 0.359597 0.000000
vn -0.933108 0.359597 0.000000
vn 0.010390 -0.838146 0.545347
vn 0.010390 -0.838146 0.545347
vn 0.010390 -0.838146 0.545347
vn -0.606447 0.123581 0.785462
vn -0.606447 0.123581 0.785462
vn -0.606447 0.123581 0.785462
vn -0.030223 0.672785 -0.739220
vn -0.030223 0.672785 -0.739220
vn -0.030223 0.672785 -0.739220
vn -0.117894 0.284788 -0.951313
vn -0.117894 0.284788 -0.951313
vn -0.117894 0.284788 -0.951313
vn 0.022592 -0.984672 -0.172947
vn 0.022592 -0.984672 -0.172947
vn 0.022592 -0.984672 -0.172947
vn 0.138416 -0.990169 -0.020143
vn 0.138416 -0.990169 -0.020143
vn 0.138416 -0.990169 -0.020143
vn -0.999629 -0.026814 -0.004710
vn -0.999629 -0.026814 -0.004710
vn -0.999629 -0.026814 -0.004710
vn -0.020152 -0.329679 0.943878
vn -0.020152 -0.329679 0.943878
vn -0.020152 -0.329679 0.943878
vn 0.999315 -0.036604 0.005381
vn 0.999315 -0.036604 0.005381
vn 0.999315 -0.036604 0.005381
vn 1.000000 0.000708 0.000084
vn 1.000000 0.000708 0.000084
vn 1.000000 0.000708 0.000084
vn 1.000000 0.000697 0.000000
vn 1.000000 0.000697 0.000000
vn 1.000000 0.000697 0.000000
vn -0.038244 -0.992211 -0.118557
vn -0.038244 -0.992211 -0.118557
vn -0.038244 -0.992211 -0.118557
vn -0.997955 -0.014673 0.062219
vn -0.997955 -0.014673 0.062219
vn -0.997955 -0.014673 0.062219
vn -0.998074 -0.062029 -0.001262
vn -0.998074 -0.062029 -0.001262
vn -0.998074 -0.062029 -0.001262
vn -0.998421 -0.056169 0.000000
vn -0.998421 -0.056169 0.000000
vn -0.998421 -0.056169 0.000000
vn 0.363128 -0.248952 0.897865
vn 0.363128 -0.248952 0.897865
vn 0.363128 -0.248952 0.897865
vn 0.009687 -0.999953 0.000000
vn 0.009687 -0.999953 0.000000
vn 0.009687 -0.999953 0.000000
vn 0.009714 -0.999953 0.000000
vn 0.009714 -0.999953 0.000000
vn 0.009714 -0.999953 0.000000
vn 0.186870 -0.454562 0.870892
vn 0.186870 -0.454562 0.870892
vn 0.186870 -0.454562 0.870892
vn -0.185846 -0.520218 0.833567
vn -0.185846 -0.520218 0.833567
vn -0.185846 -0.520218 0.833567
vn 0.340033 -0.251270 0.906223
vn 0.340033 -0.251270 0.906223
vn 0.340033 -0.251270 0.906223
vn -0.106912 -0.298520 0.948396
vn -0.106912 -0.298520 0.948396
vn -0.106912 -0.298520 0.948396
vn 0.071680 -0.237842 0.968655
vn 0.071680 -0.237842 0.968655
vn 0.071680 -0.237842 0.968655
vn 0.084315 -0.228719 0.969834
vn 0.084315 -0.228719 0.969834
vn 0.084315 -0.228719 0.969834
vn -0.999995 -0.003120 0.000000
vn -0.999995 -0.003120 0.000000
vn -0.999995 -0.003120 0.000000
vn 0.989821 -0.079939 0.117745
vn 0.989821 -0.079939 0.117745
vn 0.989821 -0.079939 0.117745
vn -0.980269 0.197583 0.005832
vn -0.980269 0.197583 0.005832
vn -0.980269 0.197583 0.005832
vn -0.998633 0.031911 0.041410
vn -0.998633 0.031911 0.041410
vn -0.998633 0.031911 0.041410
vn 0.099284 -0.276268 0.955939
vn 0.099284 -0.276268 0.955939
vn 0.099284 -0.276268 0.955939
vn 0.973009 0.093403 -0.211021
vn 0.973009 0.093403 -0.211021
vn 0.973009 0.093403 -0.211021
vn 1.000000 0.000501 0.000070
vn 1.000000 0.000501 0.000070
vn 1.000000 0.000501 0.000070
vn 0.427768 -0.466289 0.774332
vn 0.427768 -0.466289 0.774332
vn 0.427768 -0.466289 0.774332
vn 0.341884 -0.901914 -0.263945
vn 0.341884 -0.901914 -0.263945
vn 0.341884 -0.901914 -0.263945
vn -0.890881 -0.454238 0.000000
vn -0.890881 -0.454238 0.000000
vn -0.890881 -0.454238 0.000000
vn -0.832969 -0.547946 0.076933
vn -0.832969 -0.547946 0.076933
vn -0.832969 -0.547946 0.076933
vn -0.034483 -0.128894 -0.991059
vn -0.034483 -0.128894 -0.991059
vn -0.034483 -0.128894 -0.991059
vn 0.197236 -0.801635 -0.564339
vn 0.197236 -0.801635 -0.564339
vn 0.197236 -0.801635 -0.564339
vn -0.060923 -0.457067 -0.887343
vn -0.060923 -0.457067 -0.887343
vn -0.060923 -0.457067 -0.887343
vn 0.134285 0.340439 -0.930628
vn 0.134285 0.340439 -0.930628
vn 0.134285 0.340439 -0.930628
vn 0.125421 0.312556 -0.941583
vn 0.125421 0.312556 -0.941583
vn 0.125421 0.312556 -0.941583
vn -0.114371 -0.608366 -0.785373
vn -0.114371 -0.608366 -0.785373
vn -0.114371 -0.608366 -0.785373
vn -0.104443 0.224966 -0.968753
vn -0.104443 0.224966 -0.968753
vn -0.104443 0.224966 -0.968753
vn -0.723360 -0.690471 0.000593
vn -0.723360 -0.690471 0.000593
vn -0.723360 -0.690471 0.000593
vn -0.719264 -0.694736 -0.000892
vn -0.719264 -0.694736 -0.000892
vn -0.719264 -0.694736 -0.000892
vn -1.000000 -0.000027 0.000000
vn -1.000000 -0.000027 0.000000
vn -1.000000 -0.000027 0.000000
vn -1.000000 -0.000001 0.000004
vn -1.000000 -0.000001 0.000004
vn -1.000000 -0.000001 0.000004
vn 0.719265 -0.694735 -0.000892
vn 0.719265 -0.694735 -0.000892
vn 0.719265 -0.694735 -0.000892
vn 0.723356 -0.690475 0.000592
vn 0.723356 -0.690475 0.000592
vn 0.723356 -0.690475 0.000592
vn -0.999202 -0.039781 0.003632
vn -0.999202 -0.039781 0.003632
vn -0.999202 -0.039781 0.003632
vn -0.999221 -0.039260 0.003980
vn -0.999221 -0.039260 0.003980
vn -0.999221 -0.039260 0.003980
vn 0.999221 -0.039256 0.003980
vn 0.999221 -0.039256 0.003980
vn 0.999221 -0.039256 0.003980
vn 0.999202 -0.039777 0.003631
vn 0.999202 -0.039777 0.003631
vn 0.999202 -0.039777 0.003631
vn -0.644330 0.485449 0.590913
vn -0.644330 0.485449 0.590913
vn -0.644330 0.485449 0.590913
vn -0.780939 0.300876 0.547364
vn -0.780939 0.300876 0.547364
vn -0.780939 0.300876 0.547364
vn -0.570844 0.755529 0.321424
vn -0.570844 0.755529 0.321424
vn -0.570844 0.755529 0.321425
vn 0.644340 0.485437 0.590912
vn 0.644340 0.485437 0.590912
vn 0.644340 0.485437 0.590912
vn 0.780919 0.300902 0.547379
vn 0.780919 0.300902 0.547379
vn 0.780919 0.300902 0.547379
vn 0.570843 0.755524 0.321437
vn 0.570843 0.755524 0.321437
vn 0.570843 0.755524 0.321437
vn -0.514737 -0.837984 0.181187
vn -0.514737 -0.837984 0.181187
vn -0.514737 -0.837984 0.181187
vn 0.514730 -0.837986 0.181198
vn 0.514730 -0.837986 0.181198
vn 0.514730 -0.837986 0.181198
vn -0.545410 0.668042 -0.506209
vn -0.545410 0.668042 -0.506209
vn -0.545410 0.668042 -0.506209
vn -0.726661 0.079471 -0.682384
vn -0.726661 0.079471 -0.682384
vn -0.726661 0.079471 -0.682384
vn -0.695446 0.120713 -0.708367
vn -0.695446 0.120713 -0.708367
vn -0.695446 0.120713 -0.708367
vn 0.545416 0.668033 -0.506214
vn 0.545416 0.668033 -0.506214
vn 0.545416 0.668033 -0.506214
vn 0.699859 0.082625 -0.709486
vn 0.699859 0.082625 -0.709486
vn 0.699859 0.082625 -0.709486
vn 0.721262 0.116360 -0.682819
vn 0.721262 0.116360 -0.682819
vn 0.721262 0.116360 -0.682819
vn -0.516840 -0.840557 -0.162298
vn -0.516840 -0.840557 -0.162298
vn -0.516840 -0.840557 -0.162298
vn 0.516840 -0.840554 -0.162314
vn 0.516840 -0.840554 -0.162314
vn 0.516840 -0.840554 -0.162314
vn -0.685787 -0.684962 0.246015
vn -0.685787 -0.684962 0.246014
vn -0.685787 -0.684962 0.246014
vn -0.687789 -0.507097 0.519422
vn -0.687788 -0.507097 0.519422
vn -0.687789 -0.507097 0.519422
vn -0.764948 -0.592754 -0.251985
vn -0.764948 -0.592754 -0.251985
vn -0.764949 -0.592754 -0.251985
vn -0.637882 -0.673713 -0.373120
vn -0.637882 -0.673713 -0.373120
vn -0.637882 -0.673713 -0.373120
vn 0.788475 -0.544811 0.285463
vn 0.788475 -0.544811 0.285463
vn 0.788475 -0.544811 0.285463
vn 0.612441 -0.641637 0.461755
vn 0.612441 -0.641637 0.461755
vn 0.612441 -0.641637 0.461755
vn 0.683921 -0.694852 -0.222332
vn 0.683922 -0.694852 -0.222332
vn 0.683921 -0.694852 -0.222332
vn 0.694305 -0.571981 -0.436781
vn 0.694305 -0.571981 -0.436781
vn 0.694305 -0.571981 -0.436781
vn -0.708512 -0.027462 0.705164
vn -0.708512 -0.027462 0.705164
vn -0.708512 -0.027462 0.705164
vn -0.796721 0.000101 0.604348
vn -0.796721 0.000101 0.604348
vn -0.796721 0.000101 0.604348
vn -0.790277 -0.094856 -0.605363
vn -0.790277 -0.094856 -0.605363
vn -0.790277 -0.094856 -0.605363
vn -0.707168 -0.071605 -0.703411
vn -0.707168 -0.071605 -0.703411
vn -0.707168 -0.071605 -0.703411
vn 0.796057 -0.031051 0.604425
vn 0.796057 -0.031051 0.604425
vn 0.796057 -0.031051 0.604425
vn 0.710144 0.000119 0.704057
vn 0.710143 0.000119 0.704057
vn 0.710144 0.000119 0.704057
vn 0.706627 -0.101483 -0.700271
vn 0.706627 -0.101483 -0.700271
vn 0.706627 -0.101483 -0.700271
vn 0.789488 -0.062159 -0.610611
vn 0.789488 -0.062159 -0.610611
vn 0.789488 -0.062159 -0.610611
vn -0.908946 -0.416913 0.000903
vn -0.908946 -0.416913 0.000903
vn -0.908946 -0.416913 0.000903
vn -0.921801 -0.387642 0.004026
vn -0.921801 -0.387642 0.004026
vn -0.921801 -0.387642 0.004026
vn 0.921900 -0.387427 0.000928
vn 0.921900 -0.387427 0.000928
vn 0.921900 -0.387427 0.000928
vn 0.909105 -0.416547 0.004004
vn 0.909105 -0.416547 0.004004
vn 0.909105 -0.416547 0.004004
vn -0.744231 -0.346837 0.570810
vn -0.744231 -0.346837 0.570810
vn -0.744231 -0.346837 0.570810
vn -0.744582 -0.358508 0.563089
vn -0.744582 -0.358508 0.563089
vn -0.744582 -0.358508 0.563089
vn -0.749420 -0.414948 -0.515933
vn -0.749420 -0.414948 -0.515933
vn -0.749420 -0.414948 -0.515933
vn -0.754098 -0.407630 -0.514951
vn -0.754098 -0.407630 -0.514951
vn -0.754098 -0.407630 -0.514951
vn 0.740953 -0.357428 0.568537
vn 0.740953 -0.357427 0.568537
vn 0.740953 -0.357427 0.568537
vn 0.747766 -0.347822 0.565567
vn 0.747766 -0.347822 0.565567
vn 0.747766 -0.347822 0.565567
vn 0.751580 -0.407090 -0.519043
vn 0.751580 -0.407090 -0.519043
vn 0.751580 -0.407090 -0.519043
vn 0.751940 -0.415538 -0.511777
vn 0.751940 -0.415538 -0.511777
vn 0.751940 -0.415538 -0.511777
vn -0.196668 0.980470 -0.000666
vn -0.196668 0.980470 -0.000666
vn -0.196668 0.980470 -0.000666
vn -0.198648 0.980071 -0.000294
vn -0.198648 0.980071 -0.000294
vn -0.198648 0.980071 -0.000294
vn 0.198649 0.980071 -0.000294
vn 0.198649 0.980071 -0.000294
vn 0.198649 0.980071 -0.000294
vn 0.196669 0.980470 -0.000666
vn 0.196669 0.980470 -0.000666
vn 0.196669 0.980470 -0.000666
vn 0.000004 0.000000 1.000000
vn 0.000004 0.000000 1.000000
vn 0.000004 0.000000 1.000000
vn 0.000003 0.000000 1.000000
vn 0.000003 0.000000 1.000000
vn 0.000003 0.000000 1.000000
vn -0.000004 -0.000001 1.000000
vn -0.000004 -0.000001 1.000000
vn -0.000004 -0.000001 1.000000
vn -0.000003 0.000000 1.000000
vn -0.000003 0.000000 1.000000
vn -0.000003 0.000000 1.000000
vn -0.000006 -0.000001 1.000000
vn -0.000006 -0.000001 1.000000
vn -0.000006 -0.000001 1.000000
vn 0.000001 -0.000004 1.000000
vn 0.000001 -0.000004 1.000000
vn 0.000001 -0.000004 1.000000
vn -0.000004 0.000000 1.000000
vn -0.000004 0.000000 1.000000
vn -0.000004 0.000000 1.000000
vn 0.000008 0.000009 1.000000
vn 0.000008 0.000009 1.000000
vn 0.000008 0.000009 1.000000
vn 0.000001 0.000001 1.000000
vn 0.000001 0.000001 1.000000
vn 0.000001 0.000001 1.000000
vn 0.000000 0.000000 1.000000
vn 0.000000 0.000000 1.000000
vn 0.000000 0.000000 1.000000
vn 0.000000 -0.000009 -1.000000
vn 0.000000 -0.000009 -1.000000
vn 0.000000 -0.000009 -1.000000
vn 0.000000 -0.000010 -1.000000
vn 0.000000 -0.000010 -1.000000
vn 0.000000 -0.000010 -1.000000
vn -0.000010 -0.000008 -1.000000
vn -0.000010 -0.000008 -1.000000
vn -0.000010 -0.000008 -1.000000
vn 0.000001 -0.000003 -1.000000
vn 0.000001 -0.000003 -1.000000
vn 0.000001 -0.000003 -1.000000
vn -0.535623 0.104393 0.837980
vn -0.535623 0.104393 0.837980
vn -0.535623 0.104393 0.837980
vn -0.552285 0.046814 0.832340
vn -0.552285 0.046814 0.832340
vn -0.552285 0.046814 0.832340
vn -0.000004 -0.000005 -1.000000
vn -0.000004 -0.000005 -1.000000
vn -0.000004 -0.000005 -1.000000
vn -0.000001 -0.000004 -1.000000
vn -0.000001 -0.000004 -1.000000
vn -0.000001 -0.000004 -1.000000
vn 0.000006 -0.000005 -1.000000
vn 0.000006 -0.000005 -1.000000
vn 0.000006 -0.000005 -1.000000
vn 0.000002 -0.000004 -1.000000
vn 0.000002 -0.000004 -1.000000
vn 0.000002 -0.000004 -1.000000
vn -0.000002 -0.000004 -1.000000
vn -0.000002 -0.000004 -1.000000
vn -0.000002 -0.000004 -1.000000
vn -0.000001 -0.000009 -1.000000
vn -0.000001 -0.000009 -1.000000
vn -0.000001 -0.000009 -1.000000
vn 0.000002 -0.000008 -1.000000
vn 0.000002 -0.000008 -1.000000
vn 0.000002 -0.000008 -1.000000
vn 0.000001 -0.000007 -1.000000
vn 0.000001 -0.000007 -1.000000
vn 0.000001 -0.000007 -1.000000
vn -0.000006 -0.000009 -1.000000
vn -0.000006 -0.000009 -1.000000
vn -0.000006 -0.000009 -1.000000
vn -0.000005 -0.000013 -1.000000
vn -0.000005 -0.000013 -1.000000
vn -0.000005 -0.000013 -1.000000
vn 0.000003 -0.000008 -1.000000
vn 0.000003 -0.000008 -1.000000
vn 0.000003 -0.000008 -1.000000
vn 0.000003 -0.000009 -1.000000
vn 0.000003 -0.000009 -1.000000
vn 0.000003 -0.000009 -1.000000
vn -0.000003 0.000000 1.000000
vn -0.000003 0.000000 1.000000
vn -0.000003 0.000000 1.000000
vn -0.000004 0.000000 1.000000
vn -0.000004 0.000000 1.000000
vn -0.000004 0.000000 1.000000
vn 0.000003 0.000000 1.000000
vn 0.000003 0.000000 1.000000
vn 0.000003 0.000000 1.000000
vn 0.000004 -0.000001 1.000000
vn 0.000004 -0.000001 1.000000
vn 0.000004 -0.000001 1.000000
vn 0.000006 -0.000001 1.000000
vn 0.000006 -0.000001 1.000000
vn 0.000006 -0.000001 1.000000
vn 0.000004 0.000000 1.000000
vn 0.000004 0.000000 1.000000
vn 0.000004 0.000000 1.000000
vn -0.000001 -0.000004 1.000000
vn -0.000001 -0.000004 1.000000
vn -0.000001 -0.000004 1.000000
vn -0.000008 0.000009 1.000000
vn -0.000008 0.000009 1.000000
vn -0.000008 0.000009 1.000000
vn -0.000001 0.000001 1.000000
vn -0.000001 0.000001 1.000000
vn -0.000001 0.000001 1.000000
vn 0.000000 0.000000 1.000000
vn 0.000000 0.000000 1.000000
vn 0.000000 0.000000 1.000000
vn 0.000000 -0.000010 -1.000000
vn 0.000000 -0.000010 -1.000000
vn 0.000000 -0.000010 -1.000000
vn 0.000000 -0.000009 -1.000000
vn 0.000000 -0.000009 -1.000000
vn 0.000000 -0.000009 -1.000000
vn -0.000001 -0.000003 -1.000000
vn -0.000001 -0.000003 -1.000000
vn -0.000001 -0.000003 -1.000000
vn 0.000010 -0.000008 -1.000000
vn 0.000010 -0.000008 -1.000000
vn 0.000010 -0.000008 -1.000000
vn 0.552285 0.046814 0.832340
vn 0.552285 0.046814 0.832340
vn 0.552285 0.046814 0.832340
vn 0.535624 0.104388 0.837980
vn 0.535624 0.104388 0.837980
vn 0.535624 0.104388 0.837980
vn 0.000001 -0.000004 -1.000000
vn 0.000001 -0.000004 -1.000000
vn 0.000001 -0.000004 -1.000000
vn 0.000004 -0.000005 -1.000000
vn 0.000004 -0.000005 -1.000000
vn 0.000004 -0.000005 -1.000000
vn -0.000002 -0.000004 -1.000000
vn -0.000002 -0.000004 -1.000000
vn -0.000002 -0.000004 -1.000000
vn -0.000006 -0.000008 -1.000000
vn -0.000006 -0.000008 -1.000000
vn -0.000006 -0.000008 -1.000000
vn 0.000001 -0.000009 -1.000000
vn 0.000001 -0.000009 -1.000000
vn 0.000001 -0.000009 -1.000000
vn 0.000002 -0.000004 -1.000000
vn 0.000002 -0.000004 -1.000000
vn 0.000002 -0.000004 -1.000000
vn -0.000001 -0.000007 -1.000000
vn -0.000001 -0.000007 -1.000000
vn -0.000001 -0.000007 -1.000000
vn -0.000002 -0.000008 -1.000000
vn -0.000002 -0.000008 -1.000000
vn -0.000002 -0.000008 -1.000000
vn 0.000005 -0.000013 -1.000000
vn 0.000005 -0.000013 -1.000000
vn 0.000005 -0.000013 -1.000000
vn 0.000006 -0.000009 -1.000000
vn 0.000006 -0.000009 -1.000000
vn 0.000006 -0.000009 -1.000000
vn -0.000003 -0.000009 -1.000000
vn -0.000003 -0.000009 -1.000000
vn -0.000003 -0.000009 -1.000000
vn -0.000003 -0.000008 -1.000000
vn -0.000003 -0.000008 -1.000000
vn -0.000003 -0.000008 -1.000000
vn 0.000005 0.000004 1.000000
vn 0.000005 0.000004 1.000000
vn 0.000005 0.000004 1.000000
vn 0.000000 0.000012 -1.000000
vn 0.000000 0.000012 -1.000000
vn 0.000000 0.000012 -1.000000
vn 0.000001 0.000000 1.000000
vn 0.000001 0.000000 1.000000
vn 0.000001 0.000000 1.000000
vn 0.000003 0.000020 1.000000
vn 0.000003 0.000020 1.000000
vn 0.000003 0.000020 1.000000
vn 0.000005 0.000008 -1.000000
vn 0.000005 0.000008 -1.000000
vn 0.000005 0.000008 -1.000000
vn 0.000005 0.000003 1.000000
vn 0.000005 0.000003 1.000000
vn 0.000005 0.000003 1.000000
vn -0.000005 0.000004 1.000000
vn -0.000005 0.000004 1.000000
vn -0.000005 0.000004 1.000000
vn 0.000000 0.000012 -1.000000
vn 0.000000 0.000012 -1.000000
vn 0.000000 0.000012 -1.000000
vn -0.000001 0.000000 1.000000
vn -0.000001 0.000000 1.000000
vn -0.000001 0.000000 1.000000
vn -0.000003 0.000023 1.000000
vn -0.000003 0.000023 1.000000
vn -0.000003 0.000023 1.000000
vn -0.000005 0.000016 -1.000000
vn -0.000005 0.000016 -1.000000
vn -0.000005 0.000016 -1.000000
vn -0.000005 0.000003 1.000000
vn -0.000005 0.000003 1.000000
vn -0.000005 0.000003 1.000000
vn -0.000001 0.000000 -1.000000
vn -0.000001 0.000000 -1.000000
vn -0.000001 0.000000 -1.000000
vn -0.000001 0.000000 -1.000000
vn -0.000001 0.000000 -1.000000
vn -0.000001 0.000000 -1.000000
vn 0.000003 -0.000002 -1.000000
vn 0.000003 -0.000002 -1.000000
vn 0.000003 -0.000002 -1.000000
vn 0.000007 -0.000006 -1.000000
vn 0.000007 -0.000006 -1.000000
vn 0.000007 -0.000006 -1.000000
vn 0.000001 -0.000001 -1.000000
vn 0.000001 -0.000001 -1.000000
vn 0.000001 -0.000001 -1.000000
vn -0.000002 0.000000 -1.000000
vn -0.000002 0.000000 -1.000000
vn -0.000002 0.000000 -1.000000
vn 0.000001 -0.000003 -1.000000
vn 0.000001 -0.000003 -1.000000
vn 0.000001 -0.000003 -1.000000
vn 0.000001 0.000000 -1.000000
vn 0.000001 0.000000 -1.000000
vn 0.000001 0.000000 -1.000000
vn 0.000001 0.000000 -1.000000
vn 0.000001 0.000000 -1.000000
vn 0.000001 0.000000 -1.000000
vn 0.000001 0.000000 -1.000000
vn 0.000001 0.000000 -1.000000
vn 0.000001 0.000000 -1.000000
vn -0.000007 -0.000009 -1.000000
vn -0.000007 -0.000009 -1.000000
vn -0.000007 -0.000009 -1.000000
vn -0.000003 -0.000002 -1.000000
vn -0.000003 -0.000002 -1.000000
vn -0.000003 -0.000002 -1.000000
vn 0.000002 0.000000 -1.000000
vn 0.000002 0.000000 -1.000000
vn 0.000002 0.000000 -1.000000
vn -0.000001 -0.000001 -1.000000
vn -0.000001 -0.000001 -1.000000
vn -0.000001 -0.000001 -1.000000
vn -0.000001 0.000000 -1.000000
vn -0.000001 0.000000 -1.000000
vn -0.000001 0.000000 -1.000000
vn -0.000001 -0.000003 -1.000000
vn -0.000001 -0.000003 -1.000000
vn -0.000001 -0.000003 -1.000000
vn 0.000000 0.000000 1.000000
vn 0.000000 0.000000 1.000000
vn 0.000000 0.000000 1.000000
vn 0.000000 0.000004 1.000000
vn 0.000000 0.000004 1.000000
vn 0.000000 0.000004 1.000000
vn 0.000000 0.000015 1.000000
vn 0.000000 0.000015 1.000000
vn 0.000000 0.000015 1.000000
vn 0.000000 0.000015 1.000000
vn 0.000000 0.000015 1.000000
vn 0.000000 0.000015 1.000000
vn 0.000000 0.000004 1.000000
vn 0.000000 0.000004 1.000000
vn 0.000000 0.000004 1.000000
vn 0.000000 0.000000 1.000000
vn 0.000000 0.000000 1.000000
vn 0.000000 0.000000 1.000000
vn 0.000000 0.000000 1.000000
vn 0.000000 0.000000 1.000000
vn 0.000000 0.000000 1.000000
vn 0.000000 0.000005 1.000000
vn 0.000000 0.000006 1.000000
vn 0.000000 0.000004 1.000000
vn 0.000000 0.000004 1.000000
vn 0.000000 0.000003 1.000000
vn 0.000000 0.000005 1.000000
vn 0.780870 0.624693 0.000000
vn 0.780869 0.624695 0.000000
vn 0.780869 0.624695 0.000000
vn 0.780869 0.624695 0.000000
vn 0.780871 0.624692 0.000000
vn 0.780870 0.624693 0.000000
vn -1.000000 0.000000 0.000000
vn -1.000000 0.000000 0.000000
vn -1.000000 0.000000 0.000000
vn -1.000000 0.000000 0.000000
vn -1.000000 0.000000 0.000000
vn -1.000000 0.000000 0.000000
vn 0.000000 -0.000004 1.000000
vn 0.000000 0.000007 1.000000
vn 0.000000 0.000005 1.000000
vn 0.000000 0.000005 1.000000
vn 0.000000 -0.000005 1.000000
vn 0.000000 -0.000004 1.000000
vn 0.000000 0.000000 1.000000
vn 0.000000 0.000000 1.000000
vn 0.000000 0.000000 1.000000
vn 0.000000 0.000000 1.000000
vn 0.000000 0.000000 1.000000
vn 0.000000 0.000000 1.000000
vn 0.000000 0.000000 -1.000000
vn 0.000000 0.000000 -1.000000
vn 0.000000 0.000000 -1.000000
vn 0.000000 0.000000 -1.000000
vn 0.000000 0.000000 -1.000000
vn 0.000000 0.000000 -1.000000
vn 0.000000 0.000000 -1.000000
vn 0.000000 0.000000 -1.000000
vn 0.000000 0.000000 -1.000000
vn 0.000000 0.000000 -1.000000
vn 0.000000 0.000000 -1.000000
vn 0.000000 0.000000 -1.000000
vn 0.000000 1.000000 0.000000
vn 0.000000 1.000000 0.000000
vn 0.000000 1.000000 0.000000
vn 0.000000 1.000000 0.000000
vn 0.000000 1.000000 0.000000
vn 0.000000 1.000000 0.000000
vn 0.000000 1.000000 0.000000
vn 0.000000 1.000000 0.000000
vn 0.000000 1.000000 0.000000
vn 0.000000 1.000000 0.000000
vn 0.000000 1.000000 0.000000
vn 0.000000 1.000000 0.000000
vn 0.033320 0.628468 -0.777122
vn 0.033322 0.628468 -0.777122
vn 0.033321 0.628468 -0.777122
vn 0.033322 0.628468 -0.777122
vn 0.033323 0.628468 -0.777121
vn 0.033321 0.628468 -0.777122
vn -0.976328 0.198955 -0.084857
vn -0.976328 0.198954 -0.084857
vn -0.976328 0.198955 -0.084857
vn -0.976328 0.198955 -0.084857
vn -0.976328 0.198956 -0.084857
vn -0.976328 0.198955 -0.084857
vn 0.027089 -0.998841 0.039778
vn 0.027095 -0.998841 0.039773
vn 0.027090 -0.998841 0.039778
vn 0.027090 -0.998841 0.039778
vn 0.027084 -0.998841 0.039783
vn 0.027089 -0.998841 0.039778
vn -0.080980 -0.996716 0.000000
vn -0.080981 -0.996716 0.000000
vn -0.080981 -0.996716 0.000000
vn -0.080981 -0.996716 0.000000
vn -0.080980 -0.996716 0.000000
vn -0.080980 -0.996716 0.000000
vn 0.410310 -0.911946 0.000000
vn 0.410310 -0.911946 0.000000
vn 0.410310 -0.911946 0.000000
vn 0.410310 -0.911946 0.000000
vn 0.410310 -0.911946 0.000000
vn 0.410310 -0.911946 0.000000
vn 0.010473 -0.386168 -0.922369
vn 0.010473 -0.386168 -0.922369
vn 0.010473 -0.386168 -0.922369
vn 0.010473 -0.386168 -0.922369
vn 0.010473 -0.386168 -0.922369
vn 0.010473 -0.386168 -0.922369
vn -0.917035 -0.398808 0.000000
vn -0.917034 -0.398810 0.000000
vn -0.917035 -0.398807 0.000000
vn -0.917035 -0.398807 0.000000
vn -0.917036 -0.398805 0.000000
vn -0.917035 -0.398808 0.000000
vn 0.000112 -0.004136 0.999991
vn 0.000112 -0.004136 0.999992
vn 0.000112 -0.004136 0.999991
vn 0.000112 -0.004136 0.999991
vn 0.000112 -0.004136 0.999992
vn 0.000112 -0.004136 0.999991
vn -0.999633 -0.027083 0.001030
vn -0.999634 -0.027050 0.000992
vn -0.999633 -0.027087 0.001034
vn -0.999633 -0.027087 0.001034
vn -0.999632 -0.027126 0.001079
vn -0.999633 -0.027083 0.001030
vn 0.001965 -0.072434 -0.997371
vn 0.001964 -0.072434 -0.997371
vn 0.001965 -0.072434 -0.997371
vn 0.001965 -0.072434 -0.997371
vn 0.001965 -0.072434 -0.997371
vn 0.001965 -0.072434 -0.997371
vn 0.999632 0.027090 -0.001030
vn 0.999632 0.027126 -0.000993
vn 0.999633 0.027085 -0.001035
vn 0.999633 0.027085 -0.001035
vn 0.999634 0.027043 -0.001077
vn 0.999632 0.027090 -0.001030
vn 0.021069 0.221487 -0.974936
vn 0.021069 0.221486 -0.974936
vn 0.021069 0.221488 -0.974936
vn 0.021069 0.221488 -0.974936
vn 0.021069 0.221488 -0.974935
vn 0.021069 0.221487 -0.974936
vn 0.027066 -0.997930 -0.058345
vn 0.027066 -0.997929 -0.058351
vn 0.027066 -0.997930 -0.058345
vn 0.027066 -0.997930 -0.058345
vn 0.027066 -0.997930 -0.058340
vn 0.027066 -0.997930 -0.058345
vn 0.027114 -0.999508 -0.015761
vn 0.027119 -0.999508 -0.015759
vn 0.027109 -0.999508 -0.015763
vn 0.027109 -0.999508 -0.015763
vn 0.027104 -0.999508 -0.015765
vn 0.027114 -0.999508 -0.015761
vn -0.000018 -1.000000 0.000000
vn 0.000000 -1.000000 0.000000
vn -0.000001 -1.000000 0.000000
vn -0.000001 -1.000000 0.000000
vn -0.000019 -1.000000 0.000000
vn -0.000018 -1.000000 0.000000
vn 0.000000 1.000000 -0.000001
vn 0.000000 1.000000 -0.000001
vn 0.000000 1.000000 -0.000001
vn 0.000000 1.000000 -0.000001
vn 0.000000 1.000000 -0.000001
vn 0.000000 1.000000 -0.000001
vn 0.000000 -0.116974 0.993135
vn 0.000000 -0.116974 0.993135
vn 0.000000 -0.116974 0.993135
vn 0.000000 -0.116974 0.993135
vn 0.000000 -0.116975 0.993135
vn 0.000000 -0.116974 0.993135
vn 0.000000 -0.161071 -0.986943
vn 0.000000 -0.161071 -0.986943
vn 0.000000 -0.161071 -0.986943
vn 0.000000 -0.161071 -0.986943
vn -0.000001 -0.161071 -0.986943
vn 0.000000 -0.161071 -0.986943
vn 0.000000 0.693467 0.720489
vn 0.000000 0.693466 0.720489
vn 0.000001 0.693468 0.720487
vn 0.000001 0.693468 0.720487
vn 0.000002 0.693469 0.720487
vn 0.000000 0.693467 0.720489
vn 0.000000 0.270494 -0.962722
vn 0.000000 0.270495 -0.962721
vn 0.000000 0.270495 -0.962722
vn 0.000000 0.270495 -0.962722
vn 0.000000 0.270494 -0.962722
vn 0.000000 0.270494 -0.962722
vn 1.000000 0.000000 0.000000
vn 1.000000 0.000000 0.000000
vn 1.000000 0.000000 0.000000
vn 1.000000 0.000000 0.000000
vn 1.000000 0.000000 0.000000
vn 1.000000 0.000000 0.000000
vn 0.000000 0.000172 1.000000
vn 0.000000 0.000172 1.000000
vn 0.000000 0.000172 1.000000
vn 0.000000 0.000172 1.000000
vn 0.000000 0.000172 1.000000
vn 0.000000 0.000172 1.000000
vn 0.000000 -0.101269 -0.994859
vn 0.000000 -0.101269 -0.994859
vn 0.000000 -0.101269 -0.994859
vn 0.000000 -0.101269 -0.994859
vn 0.000000 -0.101269 -0.994859
vn 0.000000 -0.101269 -0.994859
vn -0.528600 -0.848871 -0.000697
vn -0.528176 -0.849135 -0.000837
vn -0.530245 -0.847845 -0.000153
vn -0.530245 -0.847845 -0.000153
vn -0.530709 -0.847554 0.000000
vn -0.528600 -0.848871 -0.000697
vn 0.000000 -0.745119 -0.666932
vn 0.000000 -0.745119 -0.666932
vn 0.000000 -0.745119 -0.666932
vn 0.000000 -0.745119 -0.666932
vn 0.000000 -0.745119 -0.666932
vn 0.000000 -0.745119 -0.666932
vn -0.000001 -0.730013 0.683433
vn 0.000000 -0.730013 0.683433
vn -0.000001 -0.730013 0.683433
vn -0.000001 -0.730013 0.683433
vn -0.000011 -0.730013 0.683434
vn -0.000001 -0.730013 0.683433
vn 0.000003 0.920184 0.391486
vn 0.000004 0.920185 0.391485
vn 0.000001 0.920183 0.391489
vn 0.000001 0.920183 0.391489
vn 0.000000 0.920182 0.391490
vn 0.000003 0.920184 0.391486
vn -0.000001 0.797025 -0.603946
vn -0.000002 0.797025 -0.603946
vn 0.000001 0.797025 -0.603946
vn 0.000001 0.797025 -0.603946
vn 0.000002 0.797025 -0.603946
vn -0.000001 0.797025 -0.603946
vn -0.707100 0.707114 -0.000002
vn -0.707101 0.707113 -0.000002
vn -0.707098 0.707116 -0.000001
vn -0.707098 0.707116 -0.000001
vn -0.707097 0.707116 -0.000001
vn -0.707100 0.707114 -0.000002
vn -0.707118 0.490339 0.509462
vn -0.707116 0.490339 0.509464
vn -0.707118 0.490339 0.509462
vn -0.707118 0.490339 0.509462
vn -0.707119 0.490339 0.509461
vn -0.707118 0.490339 0.509462
vn 0.000000 0.481683 0.876346
vn 0.000000 0.481683 0.876346
vn 0.000000 0.481684 0.876345
vn 0.000000 0.481684 0.876345
vn 0.000000 0.481684 0.876345
vn 0.000000 0.481683 0.876346
vn 0.000000 0.115658 -0.993289
vn 0.000000 0.115657 -0.993289
vn -0.000001 0.115659 -0.993289
vn -0.000001 0.115659 -0.993289
vn -0.000001 0.115659 -0.993289
vn 0.000000 0.115658 -0.993289
vn -0.707102 0.191270 -0.680752
vn -0.707103 0.191270 -0.680751
vn -0.707102 0.191270 -0.680752
vn -0.707102 0.191270 -0.680752
vn -0.707101 0.191269 -0.680752
vn -0.707102 0.191270 -0.680752
vn -1.000000 0.000002 0.000000
vn -1.000000 0.000000 0.000000
vn -1.000000 0.000017 0.000002
vn -1.000000 0.000017 0.000002
vn -1.000000 0.000021 0.000002
vn -1.000000 0.000002 0.000000
vn 0.530252 -0.847840 -0.000699
vn 0.530671 -0.847577 -0.000838
vn 0.528610 -0.848865 -0.000152
vn 0.528610 -0.848865 -0.000152
vn 0.528153 -0.849149 0.000000
vn 0.530252 -0.847840 -0.000699
vn 0.707106 0.707107 -0.000002
vn 0.707105 0.707109 -0.000002
vn 0.707113 0.707101 -0.000001
vn 0.707113 0.707101 -0.000001
vn 0.707116 0.707098 -0.000001
vn 0.707106 0.707107 -0.000002
vn 0.707107 0.490347 0.509470
vn 0.707090 0.490366 0.509475
vn 0.707107 0.490347 0.509470
vn 0.707107 0.490347 0.509470
vn 0.707117 0.490336 0.509467
vn 0.707107 0.490347 0.509470
vn 0.707103 0.191270 -0.680750
vn 0.707102 0.191270 -0.680751
vn 0.707103 0.191270 -0.680750
vn 0.707103 0.191270 -0.680750
vn 0.707104 0.191270 -0.680749
vn 0.707103 0.191270 -0.680750
vn 1.000000 0.000000 0.000000
vn 1.000000 0.000000 0.000000
vn 1.000000 0.000000 0.000000
vn 1.000000 0.000000 0.000000
vn 1.000000 0.000000 0.000000
vn 1.000000 0.000000 0.000000
vn 0.000000 -0.082379 0.996601
vn 0.000000 -0.082379 0.996601
vn 0.000000 -0.082378 0.996601
vn 0.000000 -0.082378 0.996601
vn 0.000000 -0.082377 0.996601
vn 0.000000 -0.082379 0.996601
vn 0.000000 -0.141946 -0.989874
vn 0.000000 -0.141946 -0.989874
vn 0.000000 -0.141946 -0.989874
vn 0.000000 -0.141946 -0.989874
vn 0.000000 -0.141946 -0.989874
vn 0.000000 -0.141946 -0.989874
vn 0.000000 -1.000000 -0.000003
vn 0.000000 -1.000000 -0.000003
vn 0.000000 -1.000000 -0.000003
vn 0.000000 -1.000000 -0.000003
vn 0.000000 -1.000000 -0.000003
vn 0.000000 -1.000000 -0.000003
vn -0.002515 0.999996 -0.000935
vn -0.002692 0.999996 -0.000959
vn -0.000805 0.999999 -0.000703
vn -0.000805 0.999999 -0.000703
vn -0.000628 1.000000 -0.000679
vn -0.002515 0.999996 -0.000935
vn 1.000000 -0.000002 0.000085
vn 1.000000 -0.000002 0.000085
vn 1.000000 -0.000002 0.000085
vn 1.000000 -0.000002 0.000085
vn 1.000000 -0.000002 0.000085
vn 1.000000 -0.000002 0.000085
vn -1.000000 0.000000 0.000000
vn -1.000000 0.000000 0.000000
vn -1.000000 0.000000 0.000000
vn -1.000000 0.000000 0.000000
vn -1.000000 0.000000 0.000000
vn -1.000000 0.000000 0.000000
vn -0.707975 0.706238 -0.000069
vn -0.707338 0.706876 -0.000212
vn -0.707407 0.706806 -0.000197
vn -0.707407 0.706806 -0.000197
vn -0.708044 0.706169 -0.000053
vn -0.707975 0.706238 -0.000069
vn -0.980600 0.196018 -0.000002
vn -0.980586 0.196092 -0.000015
vn -0.980587 0.196082 -0.000014
vn -0.980587 0.196082 -0.000014
vn -0.980602 0.196008 0.000000
vn -0.980600 0.196018 -0.000002
vn -0.707106 -0.707108 -0.000001
vn -0.707105 -0.707108 -0.000002
vn -0.707105 -0.707108 -0.000002
vn -0.707105 -0.707108 -0.000002
vn -0.707106 -0.707108 0.000000
vn -0.707106 -0.707108 -0.000001
vn -0.923881 -0.382679 0.000000
vn -0.923882 -0.382677 -0.000001
vn -0.923882 -0.382677 -0.000001
vn -0.923882 -0.382677 -0.000001
vn -0.923881 -0.382679 0.000000
vn -0.923881 -0.382679 0.000000
vn 0.000000 -1.000000 -0.000003
vn 0.000000 -1.000000 -0.000003
vn 0.000000 -1.000000 -0.000003
vn 0.000000 -1.000000 -0.000003
vn 0.000000 -1.000000 -0.000003
vn 0.000000 -1.000000 -0.000003
vn 0.002515 0.999996 -0.000935
vn 0.000628 1.000000 -0.000679
vn 0.000805 0.999999 -0.000703
vn 0.000805 0.999999 -0.000703
vn 0.002692 0.999996 -0.000959
vn 0.002515 0.999996 -0.000935
vn -1.000000 -0.000002 0.000085
vn -1.000000 -0.000002 0.000085
vn -1.000000 -0.000002 0.000085
vn -1.000000 -0.000002 0.000085
vn -1.000000 -0.000002 0.000085
vn -1.000000 -0.000002 0.000085
vn 1.000000 0.000000 0.000000
vn 1.000000 0.000000 0.000000
vn 1.000000 0.000000 0.000000
vn 1.000000 0.000000 0.000000
vn 1.000000 0.000000 0.000000
vn 1.000000 0.000000 0.000000
vn 0.707974 0.706238 -0.000069
vn 0.708044 0.706169 -0.000053
vn 0.707406 0.706807 -0.000197
vn 0.707406 0.706807 -0.000197
vn 0.707336 0.706877 -0.000212
vn 0.707974 0.706238 -0.000069
vn 0.980600 0.196021 -0.000002
vn 0.980602 0.196010 0.000000
vn 0.980586 0.196088 -0.000013
vn 0.980586 0.196088 -0.000013
vn 0.980584 0.196098 -0.000015
vn 0.980600 0.196021 -0.000002
vn 0.707108 -0.707106 -0.000001
vn 0.707106 -0.707108 0.000000
vn 0.707111 -0.707103 -0.000002
vn 0.707111 -0.707103 -0.000002
vn 0.707112 -0.707101 -0.000002
vn 0.707108 -0.707106 -0.000001
vn 0.923882 -0.382678 0.000000
vn 0.923881 -0.382679 0.000000
vn 0.923886 -0.382667 0.000000
vn 0.923886 -0.382667 0.000000
vn 0.923887 -0.382666 0.000000
vn 0.923882 -0.382678 0.000000
vn -0.965924 0.258826 0.000000
vn -0.965926 0.258818 0.000000
vn -0.965924 0.258825 0.000000
vn -0.965924 0.258825 0.000000
vn -0.965922 0.258834 0.000000
vn -0.965924 0.258826 0.000000
vn -0.707105 0.707109 0.000000
vn -0.707114 0.707099 0.000000
vn -0.707106 0.707108 0.000000
vn -0.707106 0.707108 0.000000
vn -0.707096 0.707117 0.000000
vn -0.707105 0.707109 0.000000
vn -0.258834 0.965922 0.000000
vn -0.258851 0.965917 0.000000
vn -0.258836 0.965921 0.000000
vn -0.258836 0.965921 0.000000
vn -0.258819 0.965926 0.000000
vn -0.258834 0.965922 0.000000
vn 0.258857 0.965916 0.000000
vn 0.258841 0.965920 0.000000
vn 0.258856 0.965916 0.000000
vn 0.258856 0.965916 0.000000
vn 0.258871 0.965912 0.000000
vn 0.258857 0.965916 0.000000
vn 0.707063 0.707151 0.000000
vn 0.707053 0.707160 0.000000
vn 0.707062 0.707152 0.000000
vn 0.707062 0.707152 0.000000
vn 0.707071 0.707142 0.000000
vn 0.707063 0.707151 0.000000
vn 0.965946 0.258745 0.000000
vn 0.965946 0.258745 0.000000
vn 0.965946 0.258745 0.000000
vn 0.965946 0.258745 0.000000
vn 0.965945 0.258746 0.000000
vn 0.965946 0.258745 0.000000
vn 0.965922 -0.258835 0.000000
vn 0.965919 -0.258844 0.000000
vn 0.965921 -0.258836 0.000000
vn 0.965921 -0.258836 0.000000
vn 0.965924 -0.258826 0.000000
vn 0.965922 -0.258835 0.000000
vn 0.707140 -0.707074 0.000000
vn 0.707140 -0.707074 0.000000
vn 0.707140 -0.707074 0.000000
vn 0.707140 -0.707074 0.000000
vn 0.707140 -0.707074 0.000000
vn 0.707140 -0.707074 0.000000
vn 0.258835 -0.965922 0.000000
vn 0.258818 -0.965926 0.000000
vn 0.258833 -0.965922 0.000000
vn 0.258833 -0.965922 0.000000
vn 0.258851 -0.965917 0.000000
vn 0.258835 -0.965922 0.000000
vn -0.258833 -0.965922 0.000000
vn -0.258851 -0.965917 0.000000
vn -0.258835 -0.965922 0.000000
vn -0.258835 -0.965922 0.000000
vn -0.258817 -0.965926 0.000000
vn -0.258833 -0.965922 0.000000
vn -0.707043 -0.707170 0.000000
vn -0.707035 -0.707178 0.000000
vn -0.707043 -0.707171 0.000000
vn -0.707043 -0.707171 0.000000
vn -0.707051 -0.707162 0.000000
vn -0.707043 -0.707170 0.000000
vn -0.965944 -0.258750 0.000000
vn -0.965945 -0.258746 0.000000
vn -0.965944 -0.258750 0.000000
vn -0.965944 -0.258750 0.000000
vn -0.965943 -0.258754 0.000000
vn -0.965944 -0.258750 0.000000
vn -0.717996 -0.696047 0.000000
vn -0.717990 -0.696054 0.000000
vn -0.717992 -0.696051 0.000000
vn -0.717992 -0.696051 0.000000
vn -0.717998 -0.696045 0.000000
vn -0.717996 -0.696047 0.000000
vn 0.744340 0.667801 0.000000
vn 0.744335 0.667806 0.000000
vn 0.744345 0.667796 0.000000
vn 0.744345 0.667796 0.000000
vn 0.744349 0.667791 0.000000
vn 0.744340 0.667801 0.000000
vn 0.538026 -0.842928 0.000000
vn 0.538033 -0.842924 0.000000
vn 0.537887 -0.843017 0.000000
vn 0.537887 -0.843017 0.000000
vn 0.537879 -0.843022 0.000000
vn 0.538026 -0.842928 0.000000
vn 0.661097 -0.750300 0.000000
vn 0.661094 -0.750303 0.000000
vn 0.661100 -0.750298 0.000000
vn 0.661100 -0.750298 0.000000
vn 0.661103 -0.750295 0.000000
vn 0.661097 -0.750300 0.000000
vn -0.498952 0.866629 0.000000
vn -0.498948 0.866632 0.000000
vn -0.498960 0.866625 0.000000
vn -0.498960 0.866625 0.000000
vn -0.498964 0.866623 0.000000
vn -0.498952 0.866629 0.000000
vn -0.981534 0.191288 0.000000
vn -0.981534 0.191288 0.000000
vn -0.981534 0.191288 0.000000
vn -0.981534 0.191288 0.000000
vn -0.981534 0.191288 0.000000
vn -0.981534 0.191288 0.000000
vn 0.555777 0.831331 0.000000
vn 0.555771 0.831335 0.000000
vn 0.555783 0.831328 0.000000
vn 0.555783 0.831328 0.000000
vn 0.555786 0.831326 0.000000
vn 0.555777 0.831331 0.000000
vn -0.810154 -0.586217 0.000000
vn -0.810153 -0.586219 0.000000
vn -0.810154 -0.586217 0.000000
vn -0.810154 -0.586217 0.000000
vn -0.810155 -0.586216 0.000000
vn -0.810154 -0.586217 0.000000
vn 0.040359 -0.999185 0.000000
vn 0.040313 -0.999187 0.000000
vn 0.040319 -0.999187 0.000000
vn 0.040319 -0.999187 0.000000
vn 0.040364 -0.999185 0.000000
vn 0.040359 -0.999185 0.000000
vn 0.014482 0.999895 0.000000
vn 0.014419 0.999896 0.000000
vn 0.014430 0.999896 0.000000
vn 0.014430 0.999896 0.000000
vn 0.014493 0.999895 0.000000
vn 0.014482 0.999895 0.000000
vn -0.417542 -0.908658 0.000000
vn -0.417577 -0.908642 0.000000
vn -0.417573 -0.908643 0.000000
vn -0.417573 -0.908643 0.000000
vn -0.417537 -0.908660 0.000000
vn -0.417542 -0.908658 0.000000
vn 0.599123 0.800657 0.000000
vn 0.599172 0.800620 0.000000
vn 0.599165 0.800626 0.000000
vn 0.599165 0.800626 0.000000
vn 0.599116 0.800662 0.000000
vn 0.599123 0.800657 0.000000
vn 0.378421 -0.925634 0.000000
vn 0.378421 -0.925634 0.000000
vn 0.378421 -0.925634 0.000000
vn 0.378421 -0.925634 0.000000
vn 0.378420 -0.925634 0.000000
vn 0.378421 -0.925634 0.000000
vn -0.380770 0.924670 0.000000
vn -0.380801 0.924657 0.000000
vn -0.380797 0.924659 0.000000
vn -0.380797 0.924659 0.000000
vn -0.380765 0.924672 0.000000
vn -0.380770 0.924670 0.000000
vn -0.159540 -0.987191 0.000000
vn -0.159578 -0.987185 0.000000
vn -0.159572 -0.987186 0.000000
vn -0.159572 -0.987186 0.000000
vn -0.159535 -0.987192 0.000000
vn -0.159540 -0.987191 0.000000
vn 0.210009 0.977699 0.000000
vn 0.210009 0.977699 0.000000
vn 0.210009 0.977699 0.000000
vn 0.210009 0.977699 0.000000
vn 0.210009 0.977699 0.000000
vn 0.210009 0.977699 0.000000
vn 0.204338 -0.978900 0.000000
vn 0.204303 -0.978908 0.000000
vn 0.204308 -0.978907 0.000000
vn 0.204308 -0.978907 0.000000
vn 0.204344 -0.978899 0.000000
vn 0.204338 -0.978900 0.000000
vn -0.116992 0.993133 0.000000
vn -0.117028 0.993129 0.000000
vn -0.117022 0.993129 0.000000
vn -0.117022 0.993129 0.000000
vn -0.116986 0.993134 0.000000
vn -0.116992 0.993133 0.000000
vn 0.965924 0.258826 0.000000
vn 0.965922 0.258834 0.000000
vn 0.965924 0.258826 0.000000
vn 0.965924 0.258826 0.000000
vn 0.965926 0.258818 0.000000
vn 0.965924 0.258826 0.000000
vn 0.707105 0.707109 0.000000
vn 0.707096 0.707117 0.000000
vn 0.707106 0.707108 0.000000
vn 0.707106 0.707108 0.000000
vn 0.707114 0.707099 0.000000
vn 0.707105 0.707109 0.000000
vn 0.258834 0.965922 0.000000
vn 0.258819 0.965926 0.000000
vn 0.258836 0.965921 0.000000
vn 0.258836 0.965921 0.000000
vn 0.258851 0.965917 0.000000
vn 0.258834 0.965922 0.000000
vn -0.258857 0.965916 0.000000
vn -0.258872 0.965912 0.000000
vn -0.258856 0.965916 0.000000
vn -0.258856 0.965916 0.000000
vn -0.258841 0.965920 0.000000
vn -0.258857 0.965916 0.000000
vn -0.707063 0.707151 0.000000
vn -0.707072 0.707142 0.000000
vn -0.707062 0.707152 0.000000
vn -0.707062 0.707152 0.000000
vn -0.707053 0.707160 0.000000
vn -0.707063 0.707151 0.000000
vn -0.965945 0.258746 0.000000
vn -0.965945 0.258746 0.000000
vn -0.965946 0.258745 0.000000
vn -0.965946 0.258745 0.000000
vn -0.965946 0.258745 0.000000
vn -0.965945 0.258746 0.000000
vn -0.965922 -0.258834 0.000000
vn -0.965924 -0.258826 0.000000
vn -0.965922 -0.258835 0.000000
vn -0.965922 -0.258835 0.000000
vn -0.965919 -0.258843 0.000000
vn -0.965922 -0.258834 0.000000
vn -0.707139 -0.707074 0.000000
vn -0.707139 -0.707075 0.000000
vn -0.707139 -0.707074 0.000000
vn -0.707139 -0.707074 0.000000
vn -0.707140 -0.707074 0.000000
vn -0.707139 -0.707074 0.000000
vn -0.258835 -0.965922 0.000000
vn -0.258851 -0.965917 0.000000
vn -0.258834 -0.965922 0.000000
vn -0.258834 -0.965922 0.000000
vn -0.258818 -0.965926 0.000000
vn -0.258835 -0.965922 0.000000
vn 0.258833 -0.965922 0.000000
vn 0.258817 -0.965926 0.000000
vn 0.258835 -0.965922 0.000000
vn 0.258835 -0.965922 0.000000
vn 0.258851 -0.965917 0.000000
vn 0.258833 -0.965922 0.000000
vn 0.707043 -0.707170 0.000000
vn 0.707051 -0.707162 0.000000
vn 0.707043 -0.707171 0.000000
vn 0.707043 -0.707171 0.000000
vn 0.707035 -0.707178 0.000000
vn 0.707043 -0.707170 0.000000
vn 0.965944 -0.258751 0.000000
vn 0.965943 -0.258755 0.000000
vn 0.965944 -0.258750 0.000000
vn 0.965944 -0.258750 0.000000
vn 0.965945 -0.258746 0.000000
vn 0.965944 -0.258751 0.000000
vn 0.717996 -0.696047 0.000000
vn 0.717999 -0.696045 0.000000
vn 0.717992 -0.696051 0.000000
vn 0.717992 -0.696051 0.000000
vn 0.717990 -0.696054 0.000000
vn 0.717996 -0.696047 0.000000
vn -0.744340 0.667801 0.000000
vn -0.744349 0.667791 0.000000
vn -0.744345 0.667796 0.000000
vn -0.744345 0.667796 0.000000
vn -0.744335 0.667806 0.000000
vn -0.744340 0.667801 0.000000
vn 0.000000 -0.000004 1.000000
vn 0.000000 -0.000005 1.000000
vn 0.000000 0.000005 1.000000
vn 0.000000 0.000005 1.000000
vn 0.000000 0.000007 1.000000
vn 0.000000 -0.000004 1.000000
vn -0.538025 -0.842929 0.000000
vn -0.537879 -0.843022 0.000000
vn -0.537886 -0.843017 0.000000
vn -0.537886 -0.843017 0.000000
vn -0.538033 -0.842924 0.000000
vn -0.538025 -0.842929 0.000000
vn -0.661097 -0.750300 0.000000
vn -0.661103 -0.750295 0.000000
vn -0.661100 -0.750298 0.000000
vn -0.661100 -0.750298 0.000000
vn -0.661094 -0.750303 0.000000
vn -0.661097 -0.750300 0.000000
vn 0.498952 0.866629 0.000000
vn 0.498964 0.866623 0.000000
vn 0.498960 0.866625 0.000000
vn 0.498960 0.866625 0.000000
vn 0.498948 0.866632 0.000000
vn 0.498952 0.866629 0.000000
vn 0.981535 0.191285 0.000000
vn 0.981535 0.191285 0.000000
vn 0.981535 0.191285 0.000000
vn 0.981535 0.191285 0.000000
vn 0.981535 0.191285 0.000000
vn 0.981535 0.191285 0.000000
vn -0.555777 0.831332 0.000000
vn -0.555785 0.831326 0.000000
vn -0.555782 0.831328 0.000000
vn -0.555782 0.831328 0.000000
vn -0.555770 0.831336 0.000000
vn -0.555777 0.831332 0.000000
vn 0.810154 -0.586217 0.000000
vn 0.810155 -0.586216 0.000000
vn 0.810154 -0.586217 0.000000
vn 0.810154 -0.586217 0.000000
vn 0.810153 -0.586219 0.000000
vn 0.810154 -0.586217 0.000000
vn -0.040359 -0.999185 0.000000
vn -0.040364 -0.999185 0.000000
vn -0.040319 -0.999187 0.000000
vn -0.040319 -0.999187 0.000000
vn -0.040313 -0.999187 0.000000
vn -0.040359 -0.999185 0.000000
vn -0.014482 0.999895 0.000000
vn -0.014493 0.999895 0.000000
vn -0.014430 0.999896 0.000000
vn -0.014430 0.999896 0.000000
vn -0.014419 0.999896 0.000000
vn -0.014482 0.999895 0.000000
vn 0.417542 -0.908658 0.000000
vn 0.417537 -0.908660 0.000000
vn 0.417573 -0.908643 0.000000
vn 0.417573 -0.908643 0.000000
vn 0.417577 -0.908642 0.000000
vn 0.417542 -0.908658 0.000000
vn -0.599123 0.800657 0.000000
vn -0.599116 0.800662 0.000000
vn -0.599165 0.800626 0.000000
vn -0.599165 0.800626 0.000000
vn -0.599172 0.800620 0.000000
vn -0.599123 0.800657 0.000000
vn -0.378421 -0.925634 0.000000
vn -0.378420 -0.925634 0.000000
vn -0.378421 -0.925634 0.000000
vn -0.378421 -0.925634 0.000000
vn -0.378421 -0.925634 0.000000
vn -0.378421 -0.925634 0.000000
vn 0.380770 0.924670 0.000000
vn 0.380765 0.924672 0.000000
vn 0.380797 0.924659 0.000000
vn 0.380797 0.924659 0.000000
vn 0.380801 0.924657 0.000000
vn 0.380770 0.924670 0.000000
vn 0.159540 -0.987191 0.000000
vn 0.159535 -0.987192 0.000000
vn 0.159572 -0.987186 0.000000
vn 0.159572 -0.987186 0.000000
vn 0.159578 -0.987185 0.000000
vn 0.159540 -0.987191 0.000000
vn -0.210009 0.977699 0.000000
vn -0.210009 0.977699 0.000000
vn -0.210009 0.977699 0.000000
vn -0.210009 0.977699 0.000000
vn -0.210009 0.977699 0.000000
vn -0.210009 0.977699 0.000000
vn -0.204338 -0.978900 0.000000
vn -0.204344 -0.978899 0.000000
vn -0.204308 -0.978907 0.000000
vn -0.204308 -0.978907 0.000000
vn -0.204303 -0.978908 0.000000
vn -0.204338 -0.978900 0.000000
vn 0.116992 0.993133 0.000000
vn 0.116986 0.993134 0.000000
vn 0.117022 0.993129 0.000000
vn 0.117022 0.993129 0.000000
vn 0.117028 0.993129 0.000000
vn 0.116992 0.993133 0.000000
vn -0.739217 -0.673467 0.000007
vn -0.739223 -0.673461 0.000000
vn -0.739219 -0.673465 0.000004
vn -0.739219 -0.673465 0.000004
vn -0.739213 -0.673471 0.000011
vn -0.739217 -0.673467 0.000007
vn -0.356370 -0.934345 0.000004
vn -0.356353 -0.934351 0.000000
vn -0.356403 -0.934332 0.000011
vn -0.356403 -0.934332 0.000011
vn -0.356420 -0.934326 0.000015
vn -0.356370 -0.934345 0.000004
vn 0.000003 0.000003 1.000000
vn 0.000003 0.000004 1.000000
vn 0.000002 0.000000 1.000000
vn 0.000003 0.000006 1.000000
vn 0.000003 0.000004 1.000000
vn 0.000003 0.000003 1.000000
vn -0.081459 -0.996677 0.000012
vn -0.081449 -0.996678 0.000016
vn -0.081480 -0.996675 0.000004
vn -0.081480 -0.996675 0.000004
vn -0.081490 -0.996674 0.000000
vn -0.081459 -0.996677 0.000012
vn -0.397773 -0.917484 0.000000
vn -0.397774 -0.917484 0.000000
vn -0.397773 -0.917484 0.000000
vn -0.397773 -0.917484 0.000000
vn -0.397773 -0.917484 0.000000
vn -0.397773 -0.917484 0.000000
vn 0.739217 -0.673467 0.000007
vn 0.739213 -0.673472 0.000011
vn 0.739219 -0.673465 0.000004
vn 0.739219 -0.673465 0.000004
vn 0.739223 -0.673461 0.000000
vn 0.739217 -0.673467 0.000007
vn 0.356370 -0.934345 0.000004
vn 0.356421 -0.934326 0.000015
vn 0.356404 -0.934332 0.000011
vn 0.356404 -0.934332 0.000011
vn 0.356353 -0.934351 0.000000
vn 0.356370 -0.934345 0.000004
vn -0.000002 0.000000 1.000000
vn -0.000003 0.000004 1.000000
vn -0.000003 0.000003 1.000000
vn -0.000003 0.000003 1.000000
vn -0.000003 0.000004 1.000000
vn -0.000003 0.000006 1.000000
vn 0.081459 -0.996677 0.000012
vn 0.081490 -0.996674 0.000000
vn 0.081480 -0.996675 0.000004
vn 0.081480 -0.996675 0.000004
vn 0.081449 -0.996678 0.000016
vn 0.081459 -0.996677 0.000012
vn 0.397773 -0.917484 0.000000
vn 0.397772 -0.917484 0.000000
vn 0.397773 -0.917484 0.000000
vn 0.397773 -0.917484 0.000000
vn 0.397774 -0.917484 0.000000
vn 0.397773 -0.917484 0.000000
vn 0.000000 -1.000000 0.000000
vn 0.000000 -1.000000 0.000000
vn 0.000000 -1.000000 0.000000
vn 0.000000 -1.000000 0.000000
vn 0.000000 -1.000000 0.000000
vn 0.000000 -1.000000 0.000000
vn 0.000000 1.000000 0.000000
vn 0.000000 1.000000 0.000000
vn 0.000000 1.000000 0.000000
vn 0.000000 1.000000 0.000000
vn 0.000000 1.000000 0.000000
vn 0.000000 1.000000 0.000000
vn 0.000004 0.452060 0.891988
vn 0.000006 0.452059 0.891988
vn 0.000002 0.452060 0.891988
vn 0.000002 0.452060 0.891988
vn 0.000000 0.452060 0.891987
vn 0.000004 0.452060 0.891988
vn -0.000001 0.000003 -1.000000
vn 0.000000 0.000002 -1.000000
vn 0.000000 0.000003 -1.000000
vn 0.000000 0.000003 -1.000000
vn -0.000001 0.000003 -1.000000
vn -0.000001 0.000003 -1.000000
vn -0.999999 0.001230 0.000000
vn -0.999999 0.001230 0.000000
vn -0.999999 0.001230 0.000000
vn -0.999999 0.001230 0.000000
vn -0.999999 0.001230 0.000000
vn -0.999999 0.001230 0.000000
vn 1.000000 0.000569 0.000000
vn 1.000000 0.000569 0.000000
vn 1.000000 0.000569 0.000000
vn 1.000000 0.000569 0.000000
vn 1.000000 0.000569 0.000000
vn 1.000000 0.000569 0.000000
vn 0.240081 0.970753 0.000000
vn 0.240081 0.970753 0.000000
vn 0.240081 0.970753 0.000000
vn 0.240081 0.970753 0.000000
vn 0.240081 0.970753 0.000000
vn 0.240081 0.970753 0.000000
vn 0.991199 -0.132378 0.000000
vn 0.991199 -0.132378 0.000000
vn 0.991199 -0.132378 0.000000
vn 0.991199 -0.132378 0.000000
vn 0.991199 -0.132378 0.000000
vn 0.991199 -0.132378 0.000000
vn 0.247312 -0.968936 0.000000
vn 0.247310 -0.968936 0.000000
vn 0.247349 -0.968926 0.000000
vn 0.247349 -0.968926 0.000000
vn 0.247351 -0.968926 0.000000
vn 0.247312 -0.968936 0.000000
vn -0.370569 0.928805 0.000005
vn -0.370546 0.928814 0.000003
vn -0.370549 0.928813 0.000003
vn -0.370549 0.928813 0.000003
vn -0.370571 0.928804 0.000005
vn -0.370569 0.928805 0.000005
vn -0.391448 -0.920200 0.000000
vn -0.391450 -0.920199 0.000000
vn -0.391447 -0.920201 0.000000
vn -0.391447 -0.920201 0.000000
vn -0.391445 -0.920202 0.000000
vn -0.391448 -0.920200 0.000000
vn -0.298114 -0.954530 0.000000
vn -0.298116 -0.954530 0.000000
vn -0.298068 -0.954545 0.000000
vn -0.298068 -0.954545 0.000000
vn -0.298066 -0.954545 0.000000
vn -0.298114 -0.954530 0.000000
vn 0.708229 -0.705983 0.000000
vn 0.708241 -0.705971 0.000000
vn 0.708240 -0.705972 0.000000
vn 0.708240 -0.705972 0.000000
vn 0.708228 -0.705984 0.000000
vn 0.708229 -0.705983 0.000000
vn -0.726527 0.687138 0.000000
vn -0.726549 0.687114 0.000002
vn -0.726546 0.687118 0.000001
vn -0.726546 0.687118 0.000001
vn -0.726523 0.687142 0.000000
vn -0.726527 0.687138 0.000000
vn -0.068577 0.997646 0.000003
vn -0.068491 0.997652 0.000000
vn -0.068498 0.997651 0.000000
vn -0.068498 0.997651 0.000000
vn -0.068585 0.997645 0.000003
vn -0.068577 0.997646 0.000003
vn -0.076071 -0.997102 0.000000
vn -0.076071 -0.997102 0.000000
vn -0.076071 -0.997102 0.000000
vn -0.076071 -0.997102 0.000000
vn -0.076071 -0.997102 0.000000
vn -0.076071 -0.997102 0.000000
vn 0.495521 -0.868596 0.000000
vn 0.495543 -0.868583 0.000000
vn 0.495541 -0.868585 0.000000
vn 0.495541 -0.868585 0.000000
vn 0.495519 -0.868597 0.000000
vn 0.495521 -0.868596 0.000000
vn -0.561690 0.827348 0.000002
vn -0.561710 0.827334 0.000005
vn -0.561708 0.827335 0.000004
vn -0.561708 0.827335 0.000004
vn -0.561688 0.827349 0.000002
vn -0.561690 0.827348 0.000002
vn -0.240081 0.970753 0.000000
vn -0.240081 0.970753 0.000000
vn -0.240081 0.970753 0.000000
vn -0.240081 0.970753 0.000000
vn -0.240081 0.970753 0.000000
vn -0.240081 0.970753 0.000000
vn 0.000000 0.000000 1.000000
vn 0.000000 0.000000 1.000000
vn 0.000000 0.000000 1.000000
vn 0.000000 0.000000 1.000000
vn 0.000000 0.000000 1.000000
vn 0.000000 0.000000 1.000000
vn -0.991199 -0.132378 0.000000
vn -0.991199 -0.132378 0.000000
vn -0.991199 -0.132378 0.000000
vn -0.991199 -0.132378 0.000000
vn -0.991199 -0.132378 0.000000
vn -0.991199 -0.132378 0.000000
vn -0.247312 -0.968936 0.000000
vn -0.247351 -0.968926 0.000000
vn -0.247349 -0.968927 0.000000
vn -0.247349 -0.968927 0.000000
vn -0.247310 -0.968936 0.000000
vn -0.247312 -0.968936 0.000000
vn 0.370569 0.928805 0.000005
vn 0.370571 0.928804 0.000005
vn 0.370548 0.928813 0.000003
vn 0.370548 0.928813 0.000003
vn 0.370546 0.928814 0.000003
vn 0.370569 0.928805 0.000005
vn 0.391448 -0.920200 0.000000
vn 0.391445 -0.920202 0.000000
vn 0.391447 -0.920201 0.000000
vn 0.391447 -0.920201 0.000000
vn 0.391450 -0.920199 0.000000
vn 0.391448 -0.920200 0.000000
vn 0.298113 -0.954531 0.000000
vn 0.298065 -0.954546 0.000000
vn 0.298067 -0.954545 0.000000
vn 0.298067 -0.954545 0.000000
vn 0.298116 -0.954530 0.000000
vn 0.298113 -0.954531 0.000000
vn -0.708230 -0.705982 0.000000
vn -0.708229 -0.705983 0.000000
vn -0.708240 -0.705971 0.000000
vn -0.708240 -0.705971 0.000000
vn -0.708242 -0.705970 0.000000
vn -0.708230 -0.705982 0.000000
vn 0.726528 0.687137 0.000000
vn 0.726524 0.687141 0.000000
vn 0.726547 0.687117 0.000002
vn 0.726547 0.687117 0.000002
vn 0.726550 0.687113 0.000002
vn 0.726528 0.687137 0.000000
vn 0.068577 0.997646 0.000003
vn 0.068585 0.997645 0.000003
vn 0.068498 0.997651 0.000000
vn 0.068498 0.997651 0.000000
vn 0.068491 0.997652 0.000000
vn 0.068577 0.997646 0.000003
vn 0.076071 -0.997102 0.000000
vn 0.076071 -0.997102 0.000000
vn 0.076071 -0.997102 0.000000
vn 0.076071 -0.997102 0.000000
vn 0.076071 -0.997102 0.000000
vn 0.076071 -0.997102 0.000000
vn -0.495522 -0.868596 0.000000
vn -0.495520 -0.868597 0.000000
vn -0.495541 -0.868584 0.000000
vn -0.495541 -0.868584 0.000000
vn -0.495543 -0.868583 0.000000
vn -0.495522 -0.868596 0.000000
vn 0.561690 0.827348 0.000002
vn 0.561688 0.827349 0.000002
vn 0.561708 0.827336 0.000004
vn 0.561708 0.827336 0.000004
vn 0.561709 0.827335 0.000005
vn 0.561690 0.827348 0.000002
vn 0.000000 0.000003 1.000000
vn 0.000000 0.000006 1.000000
vn 0.000000 -0.000002 1.000000
vn 0.000000 -0.000002 1.000000
vn 0.000000 0.000000 1.000000
vn 0.000000 0.000003 1.000000
vn 0.000000 0.000000 1.000000
vn 0.000000 -0.000002 1.000000
vn 0.000000 0.000000 1.000000
vn 0.000000 0.000000 1.000000
vn 0.000000 0.000001 1.000000
vn 0.000000 0.000000 1.000000
vn 0.000000 0.000001 1.000000
vn 0.000000 0.000000 1.000000
vn 0.000000 0.000001 1.000000
vn 0.000000 0.000001 1.000000
vn 0.000000 -0.000001 1.000000
vn 0.000000 0.000001 1.000000
vn 0.000000 -0.000001 1.000000
vn 0.000000 0.000001 1.000000
vn 0.000000 0.000001 1.000000
vn 0.000000 0.000001 1.000000
vn 0.000000 0.000000 1.000000
vn 0.000000 -0.000001 1.000000
vn 0.000000 0.000000 1.000000
vn 0.000000 0.000001 1.000000
vn 0.000000 0.000000 1.000000
vn 0.000000 0.000000 1.000000
vn 0.000000 0.000000 1.000000
vn 0.000000 0.000000 1.000000
vn 0.000000 0.000000 1.000000
vn 0.000000 0.000000 1.000000
vn 0.000000 0.000000 1.000000
vn 0.000000 0.000000 1.000000
vn 0.000000 0.000000 1.000000
vn 0.000000 0.000000 1.000000
vn 0.000000 1.000000 0.000000
vn 0.000000 1.000000 0.000000
vn 0.000000 1.000000 0.000000
vn 0.000000 1.000000 0.000000
vn 0.000000 1.000000 0.000000
vn 0.000000 1.000000 0.000000
vn 0.000000 1.000000 0.000000
vn 0.000000 1.000000 0.000000
vn 0.000000 1.000000 0.000000
vn 0.000000 1.000000 0.000000
vn 0.000000 1.000000 0.000000
vn 0.000000 1.000000 0.000000
vn 0.000000 1.000000 0.000000
vn 0.000000 1.000000 0.000000
vn 0.000493 1.000000 0.000000
vn 0.000493 1.000000 0.000000
vn 0.000509 1.000000 0.000000
vn 0.000000 1.000000 0.000000
vn 0.000509 1.000000 0.000000
vn 0.000493 1.000000 0.000000
vn 0.001258 0.999999 0.000000
vn 0.001258 0.999999 0.000000
vn 0.001300 0.999999 0.000000
vn 0.000509 1.000000 0.000000
vn 0.000000 0.000000 1.000000
vn 0.000000 0.000000 1.000000
vn 0.000000 -0.000002 1.000000
vn 0.000000 -0.000002 1.000000
vn 0.000000 -0.000001 1.000000
vn 0.000000 0.000000 1.000000
vn 0.000000 -0.000001 1.000000
vn 0.000000 -0.000002 1.000000
vn 0.000000 0.000001 1.000000
vn 0.000000 0.000001 1.000000
vn 0.000000 0.000003 1.000000
vn 0.000000 -0.000001 1.000000
vn 0.000000 0.000003 1.000000
vn 0.000000 0.000001 1.000000
vn 0.000000 0.000000 1.000000
vn 0.000000 0.000000 1.000000
vn 0.000000 0.000000 1.000000
vn 0.000000 0.000003 1.000000
vn 0.000000 0.000000 1.000000
vn 0.000000 0.000000 1.000000
vn 0.000000 0.000000 1.000000
vn 0.000000 0.000000 1.000000
vn 0.000000 0.000000 1.000000
vn 0.000000 0.000000 1.000000
vn 0.000000 -0.000002 1.000000
vn 0.000000 0.000006 1.000000
vn 0.000000 0.000003 1.000000
vn 0.000000 0.000003 1.000000
vn 0.000000 0.000000 1.000000
vn 0.000000 -0.000002 1.000000
vn 0.000000 0.000000 1.000000
vn 0.000000 -0.000002 1.000000
vn 0.000000 0.000000 1.000000
vn 0.000000 0.000000 1.000000
vn 0.000000 0.000001 1.000000
vn 0.000000 0.000000 1.000000
vn 0.000000 0.000001 1.000000
vn 0.000000 0.000000 1.000000
vn 0.000000 0.000001 1.000000
vn 0.000000 0.000001 1.000000
vn 0.000000 -0.000001 1.000000
vn 0.000000 0.000001 1.000000
vn 0.000000 0.000001 1.000000
vn 0.000000 0.000001 1.000000
vn 0.000000 -0.000001 1.000000
vn 0.000000 -0.000001 1.000000
vn 0.000000 0.000000 1.000000
vn 0.000000 0.000001 1.000000
vn 0.000000 0.000000 1.000000
vn 0.000000 0.000001 1.000000
vn 0.000000 0.000000 1.000000
vn 0.000000 0.000000 1.000000
vn 0.000000 0.000000 1.000000
vn 0.000000 0.000000 1.000000
vn 0.000000 0.000000 1.000000
vn 0.000000 0.000000 1.000000
vn 0.000000 0.000000 1.000000
vn 0.000000 0.000000 1.000000
vn 0.000000 0.000000 1.000000
vn 0.000000 0.000000 1.000000
vn 0.000000 0.000002 1.000000
vn 0.000000 0.000000 1.000000
vn 0.000000 0.000002 1.000000
vn 0.000000 0.000002 1.000000
vn 0.000000 0.000002 1.000000
vn 0.000000 0.000002 1.000000
vn 0.000000 0.000000 1.000000
vn 0.000000 0.000002 1.000000
vn 0.000000 0.000002 1.000000
vn 0.000000 0.000002 1.000000
vn 0.000000 0.000000 1.000000
vn 0.000000 0.000000 1.000000
vn 0.000000 0.000000 1.000000
vn 0.000000 0.000000 1.000000
vn 0.000000 0.000000 1.000000
vn 0.000000 0.000000 1.000000
vn 0.000000 0.000000 1.000000
vn 0.000000 0.000000 1.000000
vn 0.000000 0.000000 1.000000
vn 0.000000 0.000000 1.000000
vn 0.000000 0.000000 1.000000
vn 0.000000 0.000000 1.000000
vn 0.000000 0.000000 1.000000
vn 0.000000 0.000000 1.000000
vn 0.000000 1.000000 0.000000
vn 0.000000 1.000000 0.000000
vn 0.000000 1.000000 0.000000
vn 0.000000 1.000000 0.000000
vn 0.000000 1.000000 0.000000
vn 0.000000 1.000000 0.000000
vn 0.000000 1.000000 0.000000
vn 0.000000 1.000000 0.000000
vn 0.000000 1.000000 0.000000
vn 0.000000 1.000000 0.000000
vn 0.000000 1.000000 0.000000
vn 0.000000 1.000000 0.000000
vn -0.000493 1.000000 0.000000
vn 0.000000 1.000000 0.000000
vn 0.000000 1.000000 0.000000
vn 0.000000 1.000000 0.000000
vn -0.000509 1.000000 0.000000
vn -0.000493 1.000000 0.000000
vn -0.001258 0.999999 0.000000
vn -0.000493 1.000000 0.000000
vn -0.000509 1.000000 0.000000
vn -0.000509 1.000000 0.000000
vn -0.001300 0.999999 0.000000
vn -0.001258 0.999999 0.000000
vn 0.000000 0.000003 1.000000
vn 0.000000 0.000003 1.000000
vn 0.000000 0.000000 1.000000
vn 0.000000 0.000004 1.000000
vn 0.000000 0.000003 1.000000
vn 0.000000 0.000003 1.000000
vn 0.000000 0.000003 1.000000
vn 0.000000 0.000003 1.000000
vn 0.000000 0.000004 1.000000
vn 0.000000 0.000000 1.000000
vn 0.000000 0.000000 1.000000
vn 0.000000 0.000000 1.000000
vn 0.000000 0.000000 1.000000
vn 0.000000 0.000000 1.000000
vn 0.000000 0.000000 1.000000
vn 0.000000 0.000000 1.000000
vn 0.000000 0.000000 1.000000
vn 0.000000 0.000000 1.000000
vn 0.000000 0.000000 1.000000
vn 0.000000 0.000000 1.000000
vn 0.000000 0.000000 1.000000
vn 0.000000 0.000000 1.000000
vn 0.000000 0.000000 1.000000
vn 0.000000 0.000000 1.000000
vn 0.000000 0.000000 1.000000
vn 0.000000 0.000000 1.000000
vn 0.000000 0.000000 1.000000
vn 0.000000 0.000000 1.000000
vn 0.000000 0.000000 1.000000
vn 0.000001 0.000001 1.000000
vn 0.000000 0.000000 -1.000000
vn 0.000000 0.000000 -1.000000
vn 0.000000 0.000000 -1.000000
vn 0.000000 0.000000 -1.000000
vn 0.000000 0.000000 -1.000000
vn 0.000000 0.000000 -1.000000
vn 0.000000 0.000000 -1.000000
vn 0.000000 0.000000 -1.000000
vn 0.000000 0.000000 -1.000000
vn 0.000000 0.000000 -1.000000
vn 0.000000 0.000000 -1.000000
vn 0.000000 0.000000 -1.000000
vn 0.000000 0.000000 -1.000000
vn 0.000000 0.000000 -1.000000
vn 0.000000 0.000000 -1.000000
vn 0.000000 0.000000 -1.000000
vn 0.000000 0.000000 -1.000000
vn 0.000000 0.000000 -1.000000
vn 0.000000 0.000000 -1.000000
vn 0.000000 0.000000 -1.000000
vn 0.000000 0.000000 -1.000000
vn 0.000000 0.000000 1.000000
vn -0.000001 0.000000 1.000000
vn 0.000000 0.000000 1.000000
vn 0.000000 0.000000 1.000000
vn 0.000000 0.000000 1.000000
vn 0.000000 0.000000 1.000000
vn 0.000000 0.000000 1.000000
vn 0.000000 0.000000 1.000000
vn 0.000000 0.000000 1.000000
vn 0.000000 0.000000 1.000000
vn 0.000000 0.000000 1.000000
vn 0.000000 0.000000 1.000000
vn 0.000000 0.000000 1.000000
vn 0.000000 0.000000 1.000000
vn 0.000000 0.000000 1.000000
vn 0.000000 0.000000 1.000000
vn 0.000000 0.000000 1.000000
vn 0.000000 0.000000 1.000000
vn 0.000000 0.000000 1.000000
vn 0.000000 0.000000 1.000000
vn 0.000000 0.000000 1.000000
vn 0.000000 0.000000 -1.000000
vn 0.000000 0.000000 -1.000000
vn 0.000000 0.000000 -1.000000
vn 0.000000 0.000000 -1.000000
vn 0.000000 0.000000 -1.000000
vn 0.000000 0.000000 -1.000000
vn 0.000000 0.000000 -1.000000
vn 0.000000 0.000000 -1.000000
vn 0.000000 0.000000 -1.000000
vn 0.000000 0.000000 -1.000000
vn 0.000000 0.000000 -1.000000
vn 0.000001 0.000000 -1.000000
vn 0.000000 0.000000 -1.000000
vn 0.000001 0.000000 -1.000000
vn 0.000000 0.000000 -1.000000
vn 0.000000 0.000000 -1.000000
vn 0.000000 0.000000 -1.000000
vn 0.000000 0.000000 -1.000000
vn 0.000000 0.000000 -1.000000
vn 0.000000 0.000000 -1.000000
vn 0.000000 -0.000002 -1.000000
vn 0.000000 0.000000 -1.000000
vn 0.000000 0.000003 -1.000000
vn 0.000000 0.000000 -1.000000
vn 0.000000 0.000007 -1.000000
vn 0.000000 0.000007 -1.000000
vn 0.000000 0.000003 -1.000000
vn 0.000000 0.000000 -1.000000
vn 0.000000 0.000003 -1.000000
vn 0.000000 0.000003 -1.000000
vn 0.000000 0.000003 -1.000000
vn 0.000000 0.000003 -1.000000
vn 0.000000 0.000007 -1.000000
vn 0.000000 0.000003 -1.000000
vn 0.000000 0.000000 -1.000000
vn 0.000000 0.000000 -1.000000
vn 0.000000 0.000007 -1.000000
vn -0.000001 0.000004 -1.000000
vn 0.000000 0.000003 -1.000000
vn 0.000000 0.000000 -1.000000
vn 0.000000 0.000003 -1.000000
vn -0.000001 0.000002 -1.000000
vn -0.000001 0.000002 -1.000000
vn 0.000000 0.000003 -1.000000
vn -0.000001 0.000004 -1.000000
vn -0.000001 0.000002 -1.000000
vn 0.000000 0.000000 -1.000000
vn 0.000000 0.000000 -1.000000
vn -0.000001 0.000004 -1.000000
vn -0.000002 0.000002 -1.000000
vn -0.000001 0.000002 -1.000000
vn 0.000000 0.000000 -1.000000
vn 0.000000 0.000001 -1.000000
vn 0.000000 0.000003 -1.000000
vn 0.000000 0.000003 -1.000000
vn 0.000000 0.000007 -1.000000
vn 0.000000 0.000007 -1.000000
vn 0.000000 0.000003 -1.000000
vn 0.000000 0.000003 -1.000000
vn 0.000000 0.000001 -1.000000
vn 0.000000 0.000007 -1.000000
vn 0.000000 0.000003 -1.000000
vn 0.000000 0.000003 -1.000000
vn 0.000000 0.000001 -1.000000
vn 0.000000 0.000000 -1.000000
vn 0.000000 0.000003 -1.000000
vn 0.000000 0.000003 -1.000000
vn 0.000001 0.000004 -1.000000
vn 0.000000 0.000007 -1.000000
vn 0.000001 0.000002 -1.000000
vn 0.000000 0.000003 -1.000000
vn 0.000000 0.000000 -1.000000
vn 0.000001 0.000004 -1.000000
vn 0.000000 0.000003 -1.000000
vn 0.000001 0.000002 -1.000000
vn 0.000000 0.000000 -1.000000
vn 0.000000 0.000000 -1.000000
vn 0.000001 0.000002 -1.000000
vn 0.000001 0.000002 -1.000000
vn 0.000002 0.000002 -1.000000
vn 0.000001 0.000004 -1.000000
vn 0.000000 0.000000 1.000000
vn 0.000000 0.000000 1.000000
vn 0.000000 0.000000 1.000000
vn 0.000000 0.000000 1.000000
vn 0.000000 1.000000 0.000000
vn 0.000000 1.000000 0.000000
vn 0.000000 1.000000 0.000000
vn 0.000000 1.000000 0.000000
vn 0.000000 0.000000 -1.000000
vn 0.000000 0.000000 -1.000000
vn 0.000000 0.000000 -1.000000
vn 0.000000 0.000000 -1.000000
vn 0.000000 -1.000000 0.000000
vn 0.000000 -1.000000 0.000000
vn 0.000000 -1.000000 0.000000
vn 0.000000 -1.000000 0.000000
vn 1.000000 0.000000 0.000000
vn 1.000000 0.000000 0.000000
vn 1.000000 0.000000 0.000000
vn 1.000000 0.000000 0.000000
vn -1.000000 0.000000 0.000000
vn -1.000000 0.000000 0.000000
vn -1.000000 0.000000 0.000000
vn -1.000000 0.000000 0.000000
vn 0.000000 0.000000 1.000000
vn 0.000000 0.000000 1.000000
vn 0.000000 0.000000 1.000000
vn 0.000000 0.000000 1.000000
vn 0.000000 1.000000 0.000000
vn 0.000000 1.000000 0.000000
vn 0.000000 1.000000 0.000000
vn 0.000000 1.000000 0.000000
vn 0.000000 0.000000 -1.000000
vn 0.000000 0.000000 -1.000000
vn 0.000000 0.000000 -1.000000
vn 0.000000 0.000000 -1.000000
vn 0.000000 -1.000000 0.000000
vn 0.000000 -1.000000 0.000000
vn 0.000000 -1.000000 0.000000
vn 0.000000 -1.000000 0.000000
vn 1.000000 0.000000 0.000000
vn 1.000000 0.000000 0.000000
vn 1.000000 0.000000 0.000000
vn 1.000000 0.000000 0.000000
vn -1.000000 0.000000 0.000000
vn -1.000000 0.000000 0.000000
vn -1.000000 0.000000 0.000000
vn -1.000000 0.000000 0.000000
vn 0.000000 -0.033410 0.999442
vn 0.000000 -0.033410 0.999442
vn 0.000000 -0.033410 0.999442
vn 0.000000 -0.033410 0.999442
vn 0.000000 1.000000 0.000000
vn 0.000000 1.000000 0.000000
vn 0.000000 1.000000 0.000000
vn 0.000000 1.000000 0.000000
vn 0.000000 -0.033410 -0.999442
vn 0.000000 -0.033410 -0.999442
vn 0.000000 -0.033410 -0.999442
vn 0.000000 -0.033410 -0.999442
vn 0.000000 -1.000000 0.000000
vn 0.000000 -1.000000 0.000000
vn 0.000000 -1.000000 0.000000
vn 0.000000 -1.000000 0.000000
vn 0.999442 -0.033410 0.000000
vn 0.999442 -0.033410 0.000000
vn 0.999442 -0.033410 0.000000
vn 0.999442 -0.033410 0.000000
vn -0.999442 -0.033410 0.000000
vn -0.999442 -0.033410 0.000000
vn -0.999442 -0.033410 0.000000
vn -0.999442 -0.033410 0.000000
vn 0.000000 -0.033702 0.999432
vn 0.000000 -0.033702 0.999432
vn 0.000000 -0.033702 0.999432
vn 0.000000 -0.033702 0.999432
vn 0.000000 1.000000 0.000000
vn 0.000000 1.000000 0.000000
vn 0.000000 1.000000 0.000000
vn 0.000000 1.000000 0.000000
vn 0.000000 -0.033702 -0.999432
vn 0.000000 -0.033702 -0.999432
vn 0.000000 -0.033702 -0.999432
vn 0.000000 -0.033702 -0.999432
vn 0.000000 -1.000000 0.000000
vn 0.000000 -1.000000 0.000000
vn 0.000000 -1.000000 0.000000
vn 0.000000 -1.000000 0.000000
vn 0.999432 -0.033702 0.000000
vn 0.999432 -0.033702 0.000000
vn 0.999432 -0.033702 0.000000
vn 0.999432 -0.033702 0.000000
vn -0.999432 -0.033702 0.000000
vn -0.999432 -0.033702 0.000000
vn -0.999432 -0.033702 0.000000
vn -0.999432 -0.033702 0.000000
vn 0.000000 -0.090669 0.995881
vn 0.000000 -0.090669 0.995881
vn 0.000000 -0.090669 0.995881
vn 0.000000 -0.090669 0.995881
vn 0.000000 -0.090669 -0.995881
vn 0.000000 -0.090669 -0.995881
vn 0.000000 -0.090669 -0.995881
vn 0.000000 -0.090669 -0.995881
vn 0.000000 -1.000000 0.000000
vn 0.000000 -1.000000 0.000000
vn 0.000000 -1.000000 0.000000
vn 0.000000 -1.000000 0.000000
vn 0.993362 -0.115033 0.000000
vn 0.993362 -0.115033 0.000000
vn 0.993362 -0.115033 0.000000
vn 0.993362 -0.115033 0.000000
vn -1.000000 0.000000 0.000000
vn -1.000000 0.000000 0.000000
vn -1.000000 0.000000 0.000000
vn -1.000000 0.000000 0.000000
vn 0.000000 -0.090669 -0.995881
vn 0.000000 -0.090669 -0.995881
vn 0.000000 -0.090669 -0.995881
vn 0.000000 -0.090669 -0.995881
vn 0.000000 -0.090669 0.995881
vn 0.000000 -0.090669 0.995881
vn 0.000000 -0.090669 0.995881
vn 0.000000 -0.090669 0.995881
vn 0.000000 -1.000000 0.000000
vn 0.000000 -1.000000 0.000000
vn 0.000000 -1.000000 0.000000
vn 0.000000 -1.000000 0.000000
vn -0.993362 -0.115033 0.000000
vn -0.993362 -0.115033 0.000000
vn -0.993362 -0.115033 0.000000
vn -0.993362 -0.115033 0.000000
vn 1.000000 0.000000 0.000000
vn 1.000000 0.000000 0.000000
vn 1.000000 0.000000 0.000000
vn 1.000000 0.000000 0.000000
vn -0.193663 -0.290446 0.937089
vn -0.196303 -0.290564 0.936503
vn 0.000000 -0.296330 0.955086
vn 0.000000 -0.296057 0.955170
vn 0.000000 -0.296057 0.955170
vn 0.000000 -0.296330 0.955086
vn 0.196303 -0.290564 0.936503
vn 0.193663 -0.290446 0.937089
vn -0.242390 0.020444 0.969964
vn -0.218104 -0.150281 0.964285
vn 0.000000 -0.146274 0.989244
vn -0.242390 0.020444 0.969964
vn 0.000000 -0.146274 0.989244
vn 0.000000 0.028116 0.999605
vn -0.229149 0.130694 0.964578
vn 0.000000 0.028116 0.999605
vn 0.000000 -0.146274 0.989244
vn 0.218104 -0.150281 0.964285
vn 0.000000 0.028116 0.999605
vn 0.218104 -0.150281 0.964285
vn 0.242390 0.020444 0.969964
vn 0.000000 0.145634 0.989339
vn -0.229149 0.130694 0.964578
vn 0.000000 0.028116 0.999605
vn 0.000000 0.145634 0.989339
vn -0.185443 0.206768 0.960655
vn 0.242390 0.020444 0.969964
vn 0.229149 0.130694 0.964578
vn 0.000000 0.145634 0.989339
vn 0.000000 0.145634 0.989339
vn 0.000000 0.210417 0.977612
vn -0.185443 0.206768 0.960655
vn 0.000000 0.210417 0.977612
vn 0.000000 0.145634 0.989339
vn 0.229149 0.130694 0.964578
vn 0.185443 0.206768 0.960655
vn -0.160893 0.195282 -0.967460
vn -0.178792 0.252411 -0.950959
vn 0.000000 0.256544 -0.966533
vn 0.000000 0.206511 -0.978444
vn 0.000000 0.206511 -0.978444
vn 0.000000 0.256544 -0.966533
vn 0.178792 0.252411 -0.950959
vn 0.160893 0.195282 -0.967460
vn -0.144178 0.104978 -0.983968
vn -0.160893 0.195282 -0.967460
vn 0.000000 0.206511 -0.978444
vn 0.000000 0.111137 -0.993805
vn 0.000000 0.111137 -0.993805
vn 0.000000 0.206511 -0.978444
vn 0.160893 0.195282 -0.967460
vn 0.144178 0.104978 -0.983968
vn -0.138090 -0.050339 -0.989140
vn -0.144178 0.104978 -0.983968
vn 0.000000 0.111137 -0.993805
vn 0.000000 -0.048000 -0.998847
vn 0.000000 -0.048000 -0.998847
vn 0.000000 0.111137 -0.993805
vn 0.144178 0.104978 -0.983968
vn 0.138090 -0.050339 -0.989140
vn -0.140501 -0.194243 -0.970839
vn -0.135205 -0.193812 -0.971677
vn 0.000000 -0.195628 -0.980678
vn 0.000000 -0.196189 -0.980566
vn 0.000000 -0.196189 -0.980566
vn 0.000000 -0.195628 -0.980678
vn 0.135205 -0.193812 -0.971677
vn 0.140501 -0.194243 -0.970839
vn -0.000285 -0.999992 -0.003902
vn -0.000475 -0.999979 -0.006507
vn 0.000000 -0.999979 -0.006507
vn 0.000000 -0.999992 -0.003902
vn 0.000000 -0.999992 -0.003902
vn 0.000000 -0.999979 -0.006507
vn 0.000475 -0.999979 -0.006507
vn 0.000285 -0.999992 -0.003902
vn 0.000000 -1.000000 0.000000
vn -0.000285 -0.999992 -0.003902
vn 0.000000 -0.999992 -0.003902
vn 0.000000 -1.000000 0.000000
vn 0.000000 -1.000000 0.000000
vn 0.000000 -0.999992 -0.003902
vn 0.000285 -0.999992 -0.003902
vn 0.000000 -1.000000 0.000000
vn 0.976976 -0.213349 -0.000001
vn 0.976953 -0.213455 -0.000799
vn 0.976808 -0.214112 -0.001259
vn 0.976834 -0.213998 0.000051
vn 0.977201 -0.212315 0.000000
vn 0.977202 -0.212314 0.000000
vn 0.976953 -0.213455 -0.000799
vn 0.976976 -0.213349 -0.000001
vn 0.980361 0.197209 -0.000243
vn 0.998353 0.057363 -0.000208
vn 0.998084 0.061870 -0.000368
vn 0.979632 0.200800 -0.000445
vn 0.980547 0.196283 0.000000
vn 0.996579 0.082644 0.000000
vn 0.998353 0.057363 -0.000208
vn 0.980361 0.197209 -0.000243
vn 0.943224 0.332158 0.000000
vn 0.980361 0.197209 -0.000243
vn 0.979632 0.200800 -0.000445
vn 0.951891 0.306437 0.000000
vn 0.940862 0.338790 0.000000
vn 0.980547 0.196283 0.000000
vn 0.980361 0.197209 -0.000243
vn 0.943224 0.332158 0.000000
vn 0.866760 0.498726 0.000000
vn 0.943224 0.332158 0.000000
vn 0.951891 0.306437 0.000000
vn 0.866760 0.498726 0.000000
vn 0.866760 0.498726 0.000000
vn 0.940862 0.338790 0.000000
vn 0.943224 0.332158 0.000000
vn 0.866760 0.498726 0.000000
vn -0.976834 -0.213997 0.000051
vn -0.976808 -0.214112 -0.001259
vn -0.976953 -0.213455 -0.000799
vn -0.976976 -0.213349 -0.000001
vn -0.976976 -0.213349 -0.000001
vn -0.976953 -0.213455 -0.000799
vn -0.977202 -0.212313 0.000000
vn -0.977202 -0.212314 0.000000
vn -0.979632 0.200800 -0.000445
vn -0.998084 0.061871 -0.000368
vn -0.998353 0.057363 -0.000208
vn -0.980362 0.197208 -0.000243
vn -0.980362 0.197208 -0.000243
vn -0.998353 0.057363 -0.000208
vn -0.996579 0.082644 0.000000
vn -0.980547 0.196283 0.000000
vn -0.951891 0.306437 0.000000
vn -0.979632 0.200800 -0.000445
vn -0.980362 0.197208 -0.000243
vn -0.943224 0.332158 0.000000
vn -0.943224 0.332158 0.000000
vn -0.980362 0.197208 -0.000243
vn -0.980547 0.196283 0.000000
vn -0.940862 0.338790 0.000000
vn -0.866760 0.498726 0.000000
vn -0.951891 0.306437 0.000000
vn -0.943224 0.332158 0.000000
vn -0.866760 0.498726 0.000000
vn -0.866760 0.498726 0.000000
vn -0.943224 0.332158 0.000000
vn -0.940862 0.338790 0.000000
vn -0.866760 0.498726 0.000000
vn -0.136181 0.000000 0.990684
vn -0.136181 0.000000 0.990684
vn 0.000000 0.000000 1.000000
vn 0.000000 0.000000 1.000000
vn -1.000000 0.000000 0.000000
vn -1.000000 0.000000 0.000000
vn -1.000000 0.000000 0.000000
vn -1.000000 0.000000 0.000000
vn 0.000000 0.000000 1.000000
vn 0.000000 0.000000 1.000000
vn 0.136181 0.000000 0.990684
vn 0.136181 0.000000 0.990684
vn 1.000000 0.000000 0.000000
vn 1.000000 0.000000 0.000000
vn 1.000000 0.000000 0.000000
vn 1.000000 0.000000 0.000000
vn 0.000000 0.000000 -1.000000
vn 0.000000 0.000000 -1.000000
vn -0.221024 0.000000 -0.975268
vn -0.221024 0.000000 -0.975268
vn -1.000000 0.000000 0.000000
vn -1.000000 0.000000 0.000000
vn -1.000000 0.000000 0.000000
vn -1.000000 0.000000 0.000000
vn 1.000000 0.000000 0.000000
vn 1.000000 0.000000 0.000000
vn 1.000000 0.000000 0.000000
vn 1.000000 0.000000 0.000000
vn 0.221025 0.000000 -0.975268
vn 0.221025 0.000000 -0.975268
vn 0.000000 0.000000 -1.000000
vn 0.000000 0.000000 -1.000000
vn 0.071372 -0.851660 -0.519213
vn 0.071372 -0.851660 -0.519213
vn 0.000000 -0.853837 -0.520540
vn 0.000000 -0.853837 -0.520540
vn 0.000000 0.853836 -0.520543
vn 0.000000 0.853836 -0.520543
vn 0.071372 0.851658 -0.519215
vn 0.071372 0.851658 -0.519215
vn 0.524095 -0.851660 0.000000
vn 0.524095 -0.851660 0.000000
vn 0.524095 -0.851660 0.000000
vn 0.524095 -0.851660 0.000000
vn 0.524097 0.851659 0.000000
vn 0.524097 0.851659 0.000000
vn 0.524097 0.851659 0.000000
vn 0.524097 0.851659 0.000000
vn 0.000000 -0.853837 -0.520540
vn 0.000000 -0.853837 -0.520540
vn -0.071372 -0.851660 -0.519212
vn -0.071372 -0.851660 -0.519212
vn -0.071372 0.851658 -0.519215
vn -0.071372 0.851658 -0.519215
vn 0.000000 0.853836 -0.520543
vn 0.000000 0.853836 -0.520543
vn -0.524095 -0.851660 0.000000
vn -0.524095 -0.851660 0.000000
vn -0.524095 -0.851660 0.000000
vn -0.524095 -0.851660 0.000000
vn -0.524097 0.851659 0.000000
vn -0.524097 0.851659 0.000000
vn -0.524097 0.851659 0.000000
vn -0.524097 0.851659 0.000000
vn 0.000000 -0.857432 0.514597
vn 0.000000 -0.857432 0.514597
vn 0.115838 -0.851660 0.511133
vn 0.115838 -0.851660 0.511133
vn 0.115838 0.851658 0.511136
vn 0.115838 0.851658 0.511136
vn 0.000000 0.857430 0.514600
vn 0.000000 0.857430 0.514600
vn 0.524095 -0.851660 0.000000
vn 0.524095 -0.851660 0.000000
vn 0.524095 -0.851660 0.000000
vn 0.524095 -0.851660 0.000000
vn 0.524097 0.851659 0.000000
vn 0.524097 0.851659 0.000000
vn 0.524097 0.851659 0.000000
vn 0.524097 0.851659 0.000000
vn -0.524095 -0.851660 0.000000
vn -0.524095 -0.851660 0.000000
vn -0.524095 -0.851660 0.000000
vn -0.524095 -0.851660 0.000000
vn -0.524097 0.851659 0.000000
vn -0.524097 0.851659 0.000000
vn -0.524097 0.851659 0.000000
vn -0.524097 0.851659 0.000000
vn -0.115838 -0.851659 0.511134
vn -0.115838 -0.851659 0.511134
vn 0.000000 -0.857432 0.514597
vn 0.000000 -0.857432 0.514597
vn 0.000000 0.857430 0.514600
vn 0.000000 0.857430 0.514600
vn -0.115838 0.851658 0.511136
vn -0.115838 0.851658 0.511136
vn -0.116286 -0.009967 0.993166
vn -0.114284 -0.355286 0.927745
vn 0.000000 -0.357630 0.933863
vn 0.000000 -0.065985 0.997821
vn -0.970224 -0.242210 0.000000
vn -0.950220 -0.311580 0.000000
vn -0.950220 -0.311580 0.000000
vn -0.969133 -0.246539 0.000000
vn 0.000000 -0.065985 0.997821
vn 0.000000 -0.357630 0.933863
vn 0.114284 -0.355286 0.927745
vn 0.116286 -0.009967 0.993166
vn 0.969133 -0.246539 0.000000
vn 0.950220 -0.311580 0.000000
vn 0.950220 -0.311580 0.000000
vn 0.970224 -0.242209 0.000000
vn 0.000000 -0.135724 -0.990747
vn 0.000000 -0.211808 -0.977311
vn -0.194686 -0.207755 -0.958611
vn -0.188182 -0.121741 -0.974560
vn -0.971772 -0.235924 0.000000
vn -0.950220 -0.311581 0.000000
vn -0.950220 -0.311580 0.000000
vn -0.970224 -0.242210 0.000000
vn 0.970224 -0.242209 0.000000
vn 0.950220 -0.311580 0.000000
vn 0.950220 -0.311580 0.000000
vn 0.971772 -0.235924 0.000000
vn 0.188182 -0.121741 -0.974560
vn 0.194686 -0.207755 -0.958611
vn 0.000000 -0.211808 -0.977311
vn 0.000000 -0.135724 -0.990747
vn -0.104633 0.229614 0.967641
vn -0.116286 -0.009967 0.993166
vn 0.000000 -0.065985 0.997821
vn 0.000000 0.280185 0.959946
vn -0.998511 -0.054545 0.000000
vn -0.970224 -0.242210 0.000000
vn -0.969133 -0.246539 0.000000
vn -0.997985 -0.063446 0.000000
vn 0.000000 0.280185 0.959946
vn 0.000000 -0.065985 0.997821
vn 0.116286 -0.009967 0.993166
vn 0.104633 0.229614 0.967641
vn 0.997985 -0.063446 0.000000
vn 0.969133 -0.246539 0.000000
vn 0.970224 -0.242209 0.000000
vn 0.998511 -0.054545 0.000000
vn 0.000000 0.104350 -0.994541
vn 0.000000 -0.135724 -0.990747
vn -0.188182 -0.121741 -0.974560
vn -0.177561 0.107775 -0.978190
vn -0.998407 -0.056418 0.000000
vn -0.971772 -0.235924 0.000000
vn -0.970224 -0.242210 0.000000
vn -0.998511 -0.054545 0.000000
vn 0.998511 -0.054545 0.000000
vn 0.970224 -0.242209 0.000000
vn 0.971772 -0.235924 0.000000
vn 0.998407 -0.056419 0.000000
vn 0.177561 0.107775 -0.978190
vn 0.188182 -0.121741 -0.974560
vn 0.000000 -0.135724 -0.990747
vn 0.000000 0.104350 -0.994541
vn -0.106021 0.109775 0.988286
vn -0.104633 0.229614 0.967641
vn 0.000000 0.280185 0.959946
vn -0.106021 0.109775 0.988286
vn -0.999885 -0.015131 0.000000
vn -0.998511 -0.054545 0.000000
vn -0.997985 -0.063446 0.000000
vn -0.999885 -0.015131 0.000000
vn 0.106021 0.109775 0.988286
vn 0.000000 0.280185 0.959946
vn 0.104633 0.229614 0.967641
vn 0.106021 0.109775 0.988286
vn 0.999885 -0.015131 0.000000
vn 0.997985 -0.063446 0.000000
vn 0.998511 -0.054545 0.000000
vn 0.999885 -0.015131 0.000000
vn 0.000000 0.193768 -0.981047
vn 0.000000 0.104350 -0.994541
vn -0.177561 0.107775 -0.978190
vn 0.000000 0.193768 -0.981047
vn -0.177561 0.107775 -0.978190
vn -0.176387 0.172407 -0.969105
vn -0.158904 0.192135 -0.968418
vn -0.999885 -0.015131 0.000000
vn -0.998407 -0.056418 0.000000
vn -0.998511 -0.054545 0.000000
vn -0.999885 -0.015131 0.000000
vn 0.999885 -0.015131 0.000000
vn 0.998511 -0.054545 0.000000
vn 0.998407 -0.056419 0.000000
vn 0.999885 -0.015131 0.000000
vn 0.176387 0.172407 -0.969105
vn 0.177561 0.107775 -0.978190
vn 0.000000 0.104350 -0.994541
vn 0.000000 0.193768 -0.981047
vn 0.000000 0.193768 -0.981047
vn 0.158904 0.192135 -0.968418
vn 0.176387 0.172407 -0.969105
vn 0.000000 1.000000 0.000000
vn 0.000000 1.000000 0.000000
vn 0.000000 1.000000 0.000000
vn 0.000000 1.000000 0.000000
vn 0.000000 1.000000 0.000000
vn 0.000000 1.000000 0.000000
vn 0.000000 1.000000 0.000000
vn 0.000000 1.000000 0.000000
vn 0.000000 1.000000 0.000000
vn 0.000000 1.000000 0.000000
vn 0.000000 1.000000 0.000000
vn 0.000000 1.000000 0.000000
vn 0.000000 1.000000 0.000000
vn 0.000000 1.000000 0.000000
vn 0.000000 1.000000 0.000000
vn 0.000000 1.000000 0.000000
vn 0.000000 1.000000 0.000000
vn 0.000000 1.000000 0.000000
vn 0.158904 0.192135 -0.968418
vn 0.000000 0.193768 -0.981047
vn -0.158904 0.192135 -0.968418
vn -0.761149 0.621121 -0.186710
vn -0.761149 0.621121 -0.186710
vn -0.761149 0.621121 -0.186710
vn -0.761149 0.621121 -0.186710
vn -0.761149 0.621121 -0.186710
vn -0.761149 0.621121 -0.186710
vn 0.761149 0.621121 -0.186710
vn 0.761149 0.621121 -0.186710
vn 0.761149 0.621121 -0.186710
vn 0.761149 0.621121 -0.186710
vn 0.761149 0.621121 -0.186710
vn 0.761149 0.621121 -0.186710
vn -0.998684 0.047546 -0.019234
vn -0.998684 0.047546 -0.019234
vn -0.999721 0.021889 -0.008855
vn -0.999732 0.021453 -0.008679
vn 0.999732 0.021453 -0.008679
vn 0.999721 0.021889 -0.008855
vn 0.998684 0.047546 -0.019234
vn 0.998684 0.047546 -0.019234
vn -0.999732 0.021453 -0.008679
vn -0.999721 0.021889 -0.008855
vn -1.000000 0.000000 0.000000
vn -1.000000 0.000000 0.000000
vn 0.000000 0.565624 0.824663
vn 0.000000 0.565624 0.824663
vn 0.000000 0.565624 0.824663
vn 0.000000 0.565624 0.824663
vn 1.000000 0.000000 0.000000
vn 1.000000 0.000000 0.000000
vn 0.999721 0.021889 -0.008855
vn 0.999732 0.021453 -0.008679
vn -0.085903 0.000000 0.996304
vn -0.085903 0.000000 0.996304
vn -0.110585 0.000000 0.993867
vn -0.109129 0.000000 0.994028
vn -0.109129 0.000000 0.994028
vn -0.110585 0.000000 0.993867
vn -0.027262 0.000000 0.999628
vn -0.007186 0.000000 0.999974
vn -0.085903 0.000000 0.996304
vn -0.085903 0.000000 0.996304
vn -0.109129 0.000000 0.994028
vn -0.110585 0.000000 0.993867
vn -0.110585 0.000000 0.993867
vn -0.109129 0.000000 0.994028
vn -0.007186 0.000000 0.999974
vn -0.027262 0.000000 0.999628
vn -0.085903 0.996304 0.000000
vn -0.085903 0.996304 0.000000
vn -0.110584 0.993867 0.000000
vn -0.109128 0.994028 0.000000
vn -0.109128 0.994028 0.000000
vn -0.110584 0.993867 0.000000
vn -0.027262 0.999628 0.000000
vn -0.007186 0.999974 0.000000
vn -0.085903 0.996304 0.000000
vn -0.085903 0.996304 0.000000
vn -0.109128 0.994028 0.000000
vn -0.110584 0.993867 0.000000
vn -0.110584 0.993867 0.000000
vn -0.109128 0.994028 0.000000
vn -0.007186 0.999974 0.000000
vn -0.027262 0.999628 0.000000
vn -0.085903 0.000000 -0.996304
vn -0.085903 0.000000 -0.996304
vn -0.110585 0.000000 -0.993867
vn -0.109129 0.000000 -0.994028
vn -0.109129 0.000000 -0.994028
vn -0.110585 0.000000 -0.993867
vn -0.027262 0.000000 -0.999628
vn -0.007186 0.000000 -0.999974
vn -0.085903 0.000000 -0.996304
vn -0.085903 0.000000 -0.996304
vn -0.109129 0.000000 -0.994028
vn -0.110585 0.000000 -0.993867
vn -0.110585 0.000000 -0.993867
vn -0.109129 0.000000 -0.994028
vn -0.007186 0.000000 -0.999974
vn -0.027262 0.000000 -0.999628
vn -0.085903 -0.996304 0.000000
vn -0.085903 -0.996304 0.000000
vn -0.110585 -0.993867 0.000000
vn -0.109128 -0.994028 0.000000
vn -0.109128 -0.994028 0.000000
vn -0.110585 -0.993867 0.000000
vn -0.027262 -0.999628 0.000000
vn -0.007186 -0.999974 0.000000
vn -0.085903 -0.996304 0.000000
vn -0.085903 -0.996304 0.000000
vn -0.109128 -0.994028 0.000000
vn -0.110585 -0.993867 0.000000
vn -0.110585 -0.993867 0.000000
vn -0.109128 -0.994028 0.000000
vn -0.007186 -0.999974 0.000000
vn -0.027262 -0.999628 0.000000
vn 1.000000 0.000000 0.000000
vn 1.000000 0.000000 0.000000
vn 1.000000 0.000000 0.000000
vn 1.000000 0.000000 0.000000
vn 1.000000 0.000000 0.000000
vn 1.000000 0.000000 0.000000
vn 1.000000 0.000000 0.000000
vn 1.000000 0.000000 0.000000
vn 1.000000 0.000000 0.000000
vn 1.000000 0.000000 0.000000
vn 1.000000 0.000000 0.000000
vn 1.000000 0.000000 0.000000
vn 1.000000 0.000000 0.000000
vn 1.000000 0.000000 0.000000
vn 1.000000 0.000000 0.000000
vn 1.000000 0.000000 0.000000
vn -1.000000 0.000000 0.000000
vn -1.000000 0.000000 0.000000
vn -1.000000 0.000000 0.000000
vn -1.000000 0.000000 0.000000
vn -1.000000 0.000000 0.000000
vn -1.000000 0.000000 0.000000
vn -1.000000 0.000000 0.000000
vn -1.000000 0.000000 0.000000
vn -1.000000 0.000000 0.000000
vn -1.000000 0.000000 0.000000
vn -1.000000 0.000000 0.000000
vn -1.000000 0.000000 0.000000
vn -1.000000 0.000000 0.000000
vn -1.000000 0.000000 0.000000
vn -1.000000 0.000000 0.000000
vn -1.000000 0.000000 0.000000
vn 0.435680 -0.900102 0.000000
vn -0.007186 -0.999974 0.000000
vn -0.027262 -0.999628 0.000000
vn 0.435680 -0.900102 0.000000
vn 0.435681 0.000000 -0.900101
vn -0.027262 0.000000 -0.999628
vn -0.007186 0.000000 -0.999974
vn 0.435681 0.000000 -0.900101
vn 0.435680 -0.900102 0.000000
vn -0.027262 -0.999628 0.000000
vn -0.007186 -0.999974 0.000000
vn 0.435680 -0.900102 0.000000
vn 0.435681 0.000000 0.900101
vn -0.007186 0.000000 0.999974
vn -0.027262 0.000000 0.999628
vn 0.435681 0.000000 0.900101
vn 0.435681 0.000000 -0.900101
vn -0.007186 0.000000 -0.999974
vn -0.027262 0.000000 -0.999628
vn 0.435681 0.000000 -0.900101
vn 0.435677 0.900103 0.000000
vn -0.027262 0.999628 0.000000
vn -0.007186 0.999974 0.000000
vn 0.435677 0.900103 0.000000
vn 0.435677 0.900103 0.000000
vn -0.007186 0.999974 0.000000
vn -0.027262 0.999628 0.000000
vn 0.435677 0.900103 0.000000
vn 0.435681 0.000000 0.900101
vn -0.027262 0.000000 0.999628
vn -0.007186 0.000000 0.999974
vn 0.435681 0.000000 0.900101
vn -0.244480 0.074646 0.966777
vn -0.251305 -0.166749 0.953436
vn 0.000000 -0.172277 0.985049
vn 0.000000 0.032148 0.999483
vn 0.000000 0.032148 0.999483
vn 0.000000 -0.172277 0.985049
vn 0.251305 -0.166749 0.953436
vn 0.244480 0.074646 0.966777
vn -0.242390 0.242802 0.939305
vn -0.244480 0.074646 0.966777
vn 0.000000 0.032148 0.999483
vn 0.000000 0.257081 0.966390
vn 0.000000 0.257081 0.966390
vn 0.000000 0.032148 0.999483
vn 0.244480 0.074646 0.966777
vn 0.000000 0.257081 0.966390
vn 0.244480 0.074646 0.966777
vn 0.242390 0.242803 0.939305
vn 0.000000 0.312450 0.949934
vn -0.231048 0.305953 0.923585
vn -0.242390 0.242802 0.939305
vn 0.000000 0.257081 0.966390
vn 0.000000 0.312450 0.949934
vn 0.000000 0.312450 0.949934
vn 0.242390 0.242803 0.939305
vn 0.231048 0.305953 0.923585
vn 0.000000 0.302038 0.953296
vn -0.189026 0.296593 0.936110
vn -0.231048 0.305953 0.923585
vn 0.000000 0.312450 0.949934
vn 0.000000 0.302038 0.953296
vn 0.231048 0.305953 0.923585
vn 0.189026 0.296593 0.936110
vn 0.000000 0.302038 0.953296
vn -0.137762 -0.985966 0.094300
vn -0.137762 -0.985966 0.094300
vn -0.137762 -0.985966 0.094300
vn -0.137762 -0.985966 0.094300
vn 0.137762 -0.985966 0.094300
vn 0.137762 -0.985966 0.094300
vn 0.137762 -0.985966 0.094300
vn 0.137762 -0.985966 0.094300
vn -0.638443 -0.766173 0.073280
vn -0.638443 -0.766173 0.073280
vn -0.638443 -0.766173 0.073280
vn -0.638443 -0.766173 0.073280
vn 0.638443 -0.766173 0.073280
vn 0.638443 -0.766173 0.073280
vn 0.638443 -0.766173 0.073280
vn 0.638443 -0.766173 0.073280
vn -0.970140 0.241443 -0.023092
vn -0.970140 0.241443 -0.023092
vn -0.970140 0.241443 -0.023092
vn -0.970140 0.241443 -0.023092
vn 0.970140 0.241443 -0.023092
vn 0.970140 0.241443 -0.023092
vn 0.970140 0.241443 -0.023092
vn 0.970140 0.241443 -0.023092
vn -0.988559 0.150153 -0.014360
vn -0.988559 0.150153 -0.014360
vn -0.988559 0.150153 -0.014360
vn -0.988559 0.150153 -0.014360
vn 0.988559 0.150152 -0.014360
vn 0.988559 0.150152 -0.014360
vn 0.988559 0.150152 -0.014360
vn 0.988559 0.150152 -0.014360
vn -0.863941 0.501306 -0.047946
vn -0.863941 0.501306 -0.047946
vn -0.863941 0.501306 -0.047946
vn -0.863941 0.501306 -0.047946
vn 0.863941 0.501306 -0.047946
vn 0.863941 0.501306 -0.047946
vn 0.863941 0.501306 -0.047946
vn 0.863941 0.501306 -0.047946
vn 0.085903 0.000000 0.996304
vn 0.085903 0.000000 0.996304
vn 0.110586 0.000000 0.993867
vn 0.109129 0.000000 0.994028
vn 0.109129 0.000000 0.994028
vn 0.110586 0.000000 0.993867
vn 0.027262 0.000000 0.999628
vn 0.007186 0.000000 0.999974
vn 0.085903 0.000000 0.996304
vn 0.085903 0.000000 0.996304
vn 0.109129 0.000000 0.994028
vn 0.110585 0.000000 0.993867
vn 0.110585 0.000000 0.993867
vn 0.109129 0.000000 0.994028
vn 0.007186 0.000000 0.999974
vn 0.027262 0.000000 0.999628
vn 0.085903 -0.996304 0.000000
vn 0.085903 -0.996304 0.000000
vn 0.110585 -0.993867 0.000000
vn 0.109128 -0.994028 0.000000
vn 0.109128 -0.994028 0.000000
vn 0.110585 -0.993867 0.000000
vn 0.027262 -0.999628 0.000000
vn 0.007186 -0.999974 0.000000
vn 0.085903 -0.996304 0.000000
vn 0.085903 -0.996304 0.000000
vn 0.109128 -0.994028 0.000000
vn 0.110585 -0.993867 0.000000
vn 0.110585 -0.993867 0.000000
vn 0.109128 -0.994028 0.000000
vn 0.007186 -0.999974 0.000000
vn 0.027262 -0.999628 0.000000
vn 0.085903 0.000000 -0.996304
vn 0.085903 0.000000 -0.996304
vn 0.110585 0.000000 -0.993867
vn 0.109129 0.000000 -0.994028
vn 0.109129 0.000000 -0.994028
vn 0.110585 0.000000 -0.993867
vn 0.027262 0.000000 -0.999628
vn 0.007186 0.000000 -0.999974
vn 0.085903 0.000000 -0.996304
vn 0.085903 0.000000 -0.996304
vn 0.109129 0.000000 -0.994028
vn 0.110586 0.000000 -0.993867
vn 0.110586 0.000000 -0.993867
vn 0.109129 0.000000 -0.994028
vn 0.007186 0.000000 -0.999974
vn 0.027262 0.000000 -0.999628
vn 0.085903 0.996304 0.000000
vn 0.085903 0.996304 0.000000
vn 0.110584 0.993867 0.000000
vn 0.109128 0.994028 0.000000
vn 0.109128 0.994028 0.000000
vn 0.110584 0.993867 0.000000
vn 0.027262 0.999628 0.000000
vn 0.007186 0.999974 0.000000
vn 0.085903 0.996304 0.000000
vn 0.085903 0.996304 0.000000
vn 0.109128 0.994028 0.000000
vn 0.110584 0.993867 0.000000
vn 0.110584 0.993867 0.000000
vn 0.109128 0.994028 0.000000
vn 0.007186 0.999974 0.000000
vn 0.027262 0.999628 0.000000
vn -1.000000 0.000000 0.000000
vn -1.000000 0.000000 0.000000
vn -1.000000 0.000000 0.000000
vn -1.000000 0.000000 0.000000
vn -1.000000 0.000000 0.000000
vn -1.000000 0.000000 0.000000
vn -1.000000 0.000000 0.000000
vn -1.000000 0.000000 0.000000
vn -1.000000 0.000000 0.000000
vn -1.000000 0.000000 0.000000
vn -1.000000 0.000000 0.000000
vn -1.000000 0.000000 0.000000
vn -1.000000 0.000000 0.000000
vn -1.000000 0.000000 0.000000
vn -1.000000 0.000000 0.000000
vn -1.000000 0.000000 0.000000
vn 1.000000 0.000000 0.000000
vn 1.000000 0.000000 0.000000
vn 1.000000 0.000000 0.000000
vn 1.000000 0.000000 0.000000
vn 1.000000 0.000000 0.000000
vn 1.000000 0.000000 0.000000
vn 1.000000 0.000000 0.000000
vn 1.000000 0.000000 0.000000
vn 1.000000 0.000000 0.000000
vn 1.000000 0.000000 0.000000
vn 1.000000 0.000000 0.000000
vn 1.000000 0.000000 0.000000
vn 1.000000 0.000000 0.000000
vn 1.000000 0.000000 0.000000
vn 1.000000 0.000000 0.000000
vn 1.000000 0.000000 0.000000
vn -0.435676 0.900104 0.000000
vn 0.007186 0.999974 0.000000
vn 0.027262 0.999628 0.000000
vn -0.435676 0.900104 0.000000
vn -0.435681 0.000000 -0.900101
vn 0.027262 0.000000 -0.999628
vn 0.007186 0.000000 -0.999974
vn -0.435681 0.000000 -0.900101
vn -0.435676 0.900104 0.000000
vn 0.027262 0.999628 0.000000
vn 0.007186 0.999974 0.000000
vn -0.435676 0.900104 0.000000
vn -0.435681 0.000000 0.900101
vn 0.007186 0.000000 0.999974
vn 0.027262 0.000000 0.999628
vn -0.435681 0.000000 0.900101
vn -0.435681 0.000000 -0.900101
vn 0.007186 0.000000 -0.999974
vn 0.027262 0.000000 -0.999628
vn -0.435681 0.000000 -0.900101
vn -0.435679 -0.900102 0.000000
vn 0.027262 -0.999628 0.000000
vn 0.007186 -0.999974 0.000000
vn -0.435679 -0.900102 0.000000
vn -0.435679 -0.900102 0.000000
vn 0.007186 -0.999974 0.000000
vn 0.027262 -0.999628 0.000000
vn -0.435679 -0.900102 0.000000
vn -0.435681 0.000000 0.900101
vn 0.027262 0.000000 0.999628
vn 0.007186 0.000000 0.999974
vn -0.435681 0.000000 0.900101
vn 0.000000 0.000000 1.000000
vn 0.000000 0.000000 1.000000
vn 0.000000 0.000000 1.000000
vn 0.000000 0.000000 1.000000
vn 0.000000 1.000000 0.000000
vn 0.000000 1.000000 0.000000
vn 0.000000 1.000000 0.000000
vn 0.000000 1.000000 0.000000
vn -0.184606 0.272673 0.944230
vn -0.270626 0.399219 0.876006
vn -0.230416 0.340069 0.911736
vn -0.184606 0.272673 0.944230
vn 0.015293 0.968822 -0.247284
vn 0.015293 0.968822 -0.247284
vn 0.015293 0.968822 -0.247284
vn 0.015293 0.968822 -0.247284
vn 0.852100 -0.438275 0.286079
vn 0.972296 0.178355 0.151095
vn 0.972296 0.178355 0.151095
vn 0.800952 -0.519975 0.296820
vn 0.507456 -0.803739 0.310632
vn 0.852100 -0.438275 0.286079
vn 0.800952 -0.519975 0.296820
vn 0.507456 -0.803739 0.310632
vn -0.817431 0.495253 -0.294162
vn -0.799202 0.521906 -0.298145
vn -0.798678 0.522647 -0.298253
vn -0.817431 0.495253 -0.294162
vn -0.270626 0.399219 0.876006
vn -0.284340 0.419390 0.862127
vn -0.284340 0.419390 0.862127
vn -0.284340 0.419390 0.862127
vn -0.284340 0.419390 0.862127
vn -0.230416 0.340069 0.911736
vn -0.270626 0.399219 0.876006
vn 0.242859 -0.925148 0.291754
vn 0.242859 -0.925148 0.291754
vn 0.242859 -0.925148 0.291754
vn 0.242859 -0.925148 0.291754
vn -0.799202 0.521906 -0.298145
vn -0.781474 0.546219 -0.301569
vn -0.781474 0.546219 -0.301569
vn -0.798678 0.522647 -0.298253
vn 0.230415 0.340068 0.911736
vn 0.270627 0.399221 0.876004
vn 0.184604 0.272670 0.944231
vn 0.184604 0.272670 0.944231
vn -0.015294 0.968820 -0.247292
vn -0.015294 0.968820 -0.247292
vn -0.015294 0.968820 -0.247292
vn -0.015294 0.968820 -0.247292
vn -0.972297 0.178350 0.151094
vn -0.972297 0.178350 0.151094
vn -0.852098 -0.438277 0.286081
vn -0.800953 -0.519972 0.296822
vn -0.800953 -0.519972 0.296822
vn -0.852098 -0.438277 0.286081
vn -0.507457 -0.803736 0.310637
vn -0.507457 -0.803736 0.310637
vn 0.798682 0.522652 -0.298233
vn 0.799206 0.521911 -0.298126
vn 0.817436 0.495256 -0.294144
vn 0.817436 0.495256 -0.294144
vn 0.284341 0.419393 0.862125
vn 0.284341 0.419393 0.862125
vn 0.270627 0.399221 0.876004
vn 0.284341 0.419393 0.862125
vn 0.270627 0.399221 0.876004
vn 0.230415 0.340068 0.911736
vn 0.284341 0.419393 0.862125
vn -0.242859 -0.925150 0.291748
vn -0.242859 -0.925150 0.291748
vn -0.242859 -0.925150 0.291748
vn -0.242859 -0.925150 0.291748
vn 0.781477 0.546225 -0.301548
vn 0.781477 0.546225 -0.301548
vn 0.799206 0.521911 -0.298126
vn 0.798682 0.522652 -0.298233
vn 0.000000 0.000000 1.000000
vn 0.000000 0.000000 1.000000
vn 0.000000 0.000000 1.000000
vn 0.000000 0.000000 1.000000
vn 0.000000 1.000000 0.000000
vn 0.000000 1.000000 0.000000
vn 0.000000 1.000000 0.000000
vn 0.000000 1.000000 0.000000
vn 0.000000 0.000000 -1.000000
vn 0.000000 0.000000 -1.000000
vn 0.000000 0.000000 -1.000000
vn 0.000000 0.000000 -1.000000
vn 0.000000 -1.000000 0.000000
vn 0.000000 -1.000000 0.000000
vn 0.000000 -1.000000 0.000000
vn 0.000000 -1.000000 0.000000
vn 1.000000 0.000000 0.000000
vn 1.000000 0.000000 0.000000
vn 1.000000 0.000000 0.000000
vn 1.000000 0.000000 0.000000
vn -1.000000 0.000000 0.000000
vn -1.000000 0.000000 0.000000
vn -1.000000 0.000000 0.000000
vn -1.000000 0.000000 0.000000
vn 0.000000 0.000000 1.000000
vn 0.000000 0.000000 1.000000
vn 0.000000 0.000000 1.000000
vn 0.000000 0.000000 1.000000
vn 0.000000 1.000000 0.000000
vn 0.000000 1.000000 0.000000
vn 0.000000 1.000000 0.000000
vn 0.000000 1.000000 0.000000
vn 0.000000 0.000000 -1.000000
vn 0.000000 0.000000 -1.000000
vn 0.000000 0.000000 -1.000000
vn 0.000000 0.000000 -1.000000
vn 0.000000 -1.000000 0.000000
vn 0.000000 -1.000000 0.000000
vn 0.000000 -1.000000 0.000000
vn 0.000000 -1.000000 0.000000
vn 1.000000 0.000000 0.000000
vn 1.000000 0.000000 0.000000
vn 1.000000 0.000000 0.000000
vn 1.000000 0.000000 0.000000
vn -1.000000 0.000000 0.000000
vn -1.000000 0.000000 0.000000
vn -1.000000 0.000000 0.000000
vn -1.000000 0.000000 0.000000
vn 0.000000 0.000000 1.000000
vn 0.000000 0.000000 1.000000
vn 0.000000 0.000000 1.000000
vn 0.000000 0.000000 1.000000
vn 0.000000 1.000000 0.000000
vn 0.000000 1.000000 0.000000
vn 0.000000 1.000000 0.000000
vn 0.000000 1.000000 0.000000
vn 0.000000 0.000000 -1.000000
vn 0.000000 0.000000 -1.000000
vn 0.000000 0.000000 -1.000000
vn 0.000000 0.000000 -1.000000
vn 0.000000 -1.000000 0.000000
vn 0.000000 -1.000000 0.000000
vn 0.000000 -1.000000 0.000000
vn 0.000000 -1.000000 0.000000
vn 1.000000 0.000000 0.000000
vn 1.000000 0.000000 0.000000
vn 1.000000 0.000000 0.000000
vn 1.000000 0.000000 0.000000
vn -1.000000 0.000000 0.000000
vn -1.000000 0.000000 0.000000
vn -1.000000 0.000000 0.000000
vn -1.000000 0.000000 0.000000
vn 0.000000 0.000000 1.000000
vn 0.000000 0.000000 1.000000
vn 0.000000 0.000000 1.000000
vn 0.000000 0.000000 1.000000
vn 0.000000 1.000000 0.000000
vn 0.000000 1.000000 0.000000
vn 0.000000 1.000000 0.000000
vn 0.000000 1.000000 0.000000
vn 0.000000 0.000000 -1.000000
vn 0.000000 0.000000 -1.000000
vn 0.000000 0.000000 -1.000000
vn 0.000000 0.000000 -1.000000
vn 0.000000 -1.000000 0.000000
vn 0.000000 -1.000000 0.000000
vn 0.000000 -1.000000 0.000000
vn 0.000000 -1.000000 0.000000
vn 1.000000 0.000000 0.000000
vn 1.000000 0.000000 0.000000
vn 1.000000 0.000000 0.000000
vn 1.000000 0.000000 0.000000
vn -1.000000 0.000000 0.000000
vn -1.000000 0.000000 0.000000
vn -1.000000 0.000000 0.000000
vn -1.000000 0.000000 0.000000
vn 0.000000 0.000000 1.000000
vn 0.000000 0.000000 1.000000
vn 0.000000 0.000000 1.000000
vn 0.000000 0.000000 1.000000
vn 0.000000 1.000000 0.000000
vn 0.000000 1.000000 0.000000
vn 0.000000 1.000000 0.000000
vn 0.000000 1.000000 0.000000
vn 0.000000 0.000000 -1.000000
vn 0.000000 0.000000 -1.000000
vn 0.000000 0.000000 -1.000000
vn 0.000000 0.000000 -1.000000
vn 0.000000 -1.000000 0.000000
vn 0.000000 -1.000000 0.000000
vn 0.000000 -1.000000 0.000000
vn 0.000000 -1.000000 0.000000
vn 1.000000 0.000000 0.000000
vn 1.000000 0.000000 0.000000
vn 1.000000 0.000000 0.000000
vn 1.000000 0.000000 0.000000
vn -1.000000 0.000000 0.000000
vn -1.000000 0.000000 0.000000
vn -1.000000 0.000000 0.000000
vn -1.000000 0.000000 0.000000
vn 0.000000 0.991062 -0.133406
vn 0.000000 0.991062 -0.133406
vn 0.000000 0.991062 -0.133406
vn 0.000000 0.991062 -0.133406
vn -0.866026 0.495530 -0.066696
vn -0.866026 0.495530 -0.066696
vn -0.866026 0.495530 -0.066696
vn -0.866026 0.495530 -0.066696
vn -0.866026 -0.495531 0.066700
vn -0.866026 -0.495531 0.066700
vn -0.866026 -0.495531 0.066700
vn -0.866026 -0.495531 0.066700
vn 0.000000 -0.991063 0.133392
vn 0.000000 -0.991063 0.133392
vn 0.000000 -0.991063 0.133392
vn 0.000000 -0.991063 0.133392
vn 0.866026 -0.495530 0.066700
vn 0.866026 -0.495530 0.066700
vn 0.866026 -0.495530 0.066700
vn 0.866026 -0.495530 0.066700
vn 0.866027 0.495529 -0.066699
vn 0.866027 0.495529 -0.066699
vn 0.866027 0.495529 -0.066699
vn 0.866027 0.495529 -0.066699
vn 0.000000 0.133393 0.991063
vn 0.000000 0.133393 0.991063
vn 0.000000 0.133391 0.991064
vn 0.000000 0.133391 0.991064
vn 0.000000 0.133393 0.991063
vn 0.000000 0.133393 0.991063
vn 0.000000 0.133393 0.991063
vn 0.000000 0.133391 0.991064
vn 0.000000 0.133391 0.991064
vn 0.000000 0.133391 0.991064
vn 0.071919 0.285642 0.955634
vn 0.071919 0.285642 0.955634
vn 0.071919 0.285642 0.955634
vn 0.071919 0.285642 0.955634
vn 0.000000 0.958116 -0.286381
vn 0.000000 0.958116 -0.286381
vn 0.000000 0.958116 -0.286381
vn 0.000000 0.958116 -0.286381
vn 0.000000 -0.958115 0.286384
vn 0.000000 -0.958115 0.286384
vn 0.000000 -0.958115 0.286384
vn 0.000000 -0.958115 0.286384
vn 0.997410 -0.020597 -0.068908
vn 0.997410 -0.020597 -0.068908
vn 0.997410 -0.020597 -0.068908
vn 0.997410 -0.020597 -0.068908
vn -0.997411 0.020596 0.068905
vn -0.997411 0.020596 0.068905
vn -0.997411 0.020596 0.068905
vn -0.997411 0.020596 0.068905
vn 0.000000 0.054874 0.998493
vn 0.000000 0.054874 0.998493
vn 0.000000 0.054874 0.998493
vn 0.000000 0.054874 0.998493
vn 0.000000 1.000000 0.000000
vn 0.000000 1.000000 0.000000
vn 0.000000 1.000000 0.000000
vn 0.000000 1.000000 0.000000
vn 0.000000 0.054874 -0.998493
vn 0.000000 0.054874 -0.998493
vn 0.000000 0.054874 -0.998493
vn 0.000000 0.054874 -0.998493
vn 0.000000 -1.000000 0.000000
vn 0.000000 -1.000000 0.000000
vn 0.000000 -1.000000 0.000000
vn 0.000000 -1.000000 0.000000
vn 0.998493 0.054874 0.000000
vn 0.998493 0.054874 0.000000
vn 0.998493 0.054874 0.000000
vn 0.998493 0.054874 0.000000
vn -0.998493 0.054874 0.000000
vn -0.998493 0.054874 0.000000
vn -0.998493 0.054874 0.000000
vn -0.998493 0.054874 0.000000
vn 0.000000 0.000000 1.000000
vn 0.000000 0.000000 1.000000
vn 0.000000 0.000000 1.000000
vn 0.000000 0.000000 1.000000
vn 0.000000 1.000000 0.000000
vn 0.000000 1.000000 0.000000
vn 0.000000 1.000000 0.000000
vn 0.000000 1.000000 0.000000
vn 0.000000 0.000000 -1.000000
vn 0.000000 0.000000 -1.000000
vn 0.000000 0.000000 -1.000000
vn 0.000000 0.000000 -1.000000
vn 0.000000 -1.000000 0.000000
vn 0.000000 -1.000000 0.000000
vn 0.000000 -1.000000 0.000000
vn 0.000000 -1.000000 0.000000
vn 1.000000 0.000000 0.000000
vn 1.000000 0.000000 0.000000
vn 1.000000 0.000000 0.000000
vn 1.000000 0.000000 0.000000
vn -1.000000 0.000000 0.000000
vn -1.000000 0.000000 0.000000
vn -1.000000 0.000000 0.000000
vn -1.000000 0.000000 0.000000
vn -0.998353 0.057363 -0.000208
vn -0.976976 -0.213349 -0.000001
vn -0.977202 -0.212314 0.000000
vn -0.996579 0.082644 0.000000
vn -0.998084 0.061871 -0.000368
vn -0.976834 -0.213997 0.000051
vn -0.976976 -0.213349 -0.000001
vn -0.998353 0.057363 -0.000208
vn -0.135205 -0.193812 -0.971677
vn -0.138090 -0.050339 -0.989140
vn 0.000000 -0.048000 -0.998847
vn 0.000000 -0.195628 -0.980678
vn 0.000000 -0.195628 -0.980678
vn 0.000000 -0.048000 -0.998847
vn 0.138090 -0.050339 -0.989140
vn 0.135205 -0.193812 -0.971677
vn 0.998353 0.057363 -0.000208
vn 0.976976 -0.213349 -0.000001
vn 0.976834 -0.213998 0.000051
vn 0.998084 0.061870 -0.000368
vn 0.996579 0.082644 0.000000
vn 0.977201 -0.212315 0.000000
vn 0.976976 -0.213349 -0.000001
vn 0.998353 0.057363 -0.000208
vn 0.000000 -0.146274 0.989244
vn 0.000000 -0.296057 0.955170
vn 0.193663 -0.290446 0.937089
vn 0.218104 -0.150281 0.964285
vn -0.218104 -0.150281 0.964285
vn -0.193663 -0.290446 0.937089
vn 0.000000 -0.296057 0.955170
vn 0.000000 -0.146274 0.989244
g Witness:SK_citizen_female_13SK_citizen_female_14
usemtl initialShadingGroup
f 1/1/1 2/2/2 3/3/3
f 4/4/4 5/5/5 6/6/6
f 7/7/7 8/8/8 9/9/9
f 10/10/10 11/11/11 12/12/12
f 13/13/13 14/14/14 15/15/15
f 16/16/16 17/17/17 18/18/18
f 19/19/19 20/20/20 21/21/21
f 22/22/22 23/23/23 24/24/24
f 25/25/25 26/26/26 27/27/27
f 28/28/28 29/29/29 30/30/30
f 31/31/31 32/32/32 33/33/33
f 34/34/34 35/35/35 36/36/36
f 37/37/37 38/38/38 39/39/39
f 40/40/40 41/41/41 42/42/42
f 43/43/43 44/44/44 45/45/45
f 46/46/46 47/47/47 48/48/48
f 49/49/49 50/50/50 51/51/51
f 52/52/52 53/53/53 54/54/54
f 55/55/55 56/56/56 57/57/57
f 58/58/58 59/59/59 60/60/60
f 61/61/61 62/62/62 63/63/63
f 64/64/64 65/65/65 66/66/66
f 67/67/67 68/68/68 69/69/69
f 70/70/70 71/71/71 72/72/72
f 73/73/73 74/74/74 75/75/75
f 76/76/76 77/77/77 78/78/78
f 79/79/79 80/80/80 81/81/81
f 82/82/82 83/83/83 84/84/84
f 85/85/85 86/86/86 87/87/87
f 88/88/88 89/89/89 90/90/90
f 91/91/91 92/92/92 93/93/93
f 94/94/94 95/95/95 96/96/96
f 97/97/97 98/98/98 99/99/99
f 100/100/100 101/101/101 102/102/102
f 103/103/103 104/104/104 105/105/105
f 106/106/106 107/107/107 108/108/108
f 109/109/109 110/110/110 111/111/111
f 112/112/112 113/113/113 114/114/114
f 115/115/115 116/116/116 117/117/117
f 118/118/118 119/119/119 120/120/120
f 121/121/121 122/122/122 123/123/123
f 124/124/124 125/125/125 126/126/126
f 127/127/127 128/128/128 129/129/129
f 130/130/130 131/131/131 132/132/132
f 133/133/133 134/134/134 135/135/135
f 136/136/136 137/137/137 138/138/138
f 139/139/139 140/140/140 141/141/141
f 142/142/142 143/143/143 144/144/144
f 145/145/145 146/146/146 147/147/147
f 148/148/148 149/149/149 150/150/150
f 151/151/151 152/152/152 153/153/153
f 154/154/154 155/155/155 156/156/156
f 157/157/157 158/158/158 159/159/159
f 160/160/160 161/161/161 162/162/162
f 163/163/163 164/164/164 165/165/165
f 166/166/166 167/167/167 168/168/168
f 169/169/169 170/170/170 171/171/171
f 172/172/172 173/173/173 174/174/174
f 175/175/175 176/176/176 177/177/177
f 178/178/178 179/179/179 180/180/180
f 181/181/181 182/182/182 183/183/183
f 184/184/184 185/185/185 186/186/186
f 187/187/187 188/188/188 189/189/189
f 190/190/190 191/191/191 192/192/192
f 193/193/193 194/194/194 195/195/195
f 196/196/196 197/197/197 198/198/198
f 199/199/199 200/200/200 201/201/201
f 202/202/202 203/203/203 204/204/204
f 205/205/205 206/206/206 207/207/207
f 208/208/208 209/209/209 210/210/210
f 211/211/211 212/212/212 213/213/213
f 214/214/214 215/215/215 216/216/216
f 217/217/217 218/218/218 219/219/219
f 220/220/220 221/221/221 222/222/222
f 223/223/223 224/224/224 225/225/225
f 226/226/226 227/227/227 228/228/228
f 229/229/229 230/230/230 231/231/231
f 232/232/232 233/233/233 234/234/234
f 235/235/235 236/236/236 237/237/237
f 238/238/238 239/239/239 240/240/240
f 241/241/241 242/242/242 243/243/243
f 244/244/244 245/245/245 246/246/246
f 247/247/247 248/248/248 249/249/249
f 250/250/250 251/251/251 252/252/252
f 253/253/253 254/254/254 255/255/255
f 256/256/256 257/257/257 258/258/258
f 259/259/259 260/260/260 261/261/261
f 262/262/262 263/263/263 264/264/264
f 265/265/265 266/266/266 267/267/267
f 268/268/268 269/269/269 270/270/270
f 271/271/271 272/272/272 273/273/273
f 274/274/274 275/275/275 276/276/276
f 277/277/277 278/278/278 279/279/279
f 280/280/280 281/281/281 282/282/282
f 283/283/283 284/284/284 285/285/285
f 286/286/286 287/287/287 288/288/288
f 289/289/289 290/290/290 291/291/291
f 292/292/292 293/293/293 294/294/294
f 295/295/295 296/296/296 297/297/297
f 298/298/298 299/299/299 300/300/300
f 301/301/301 302/302/302 303/303/303
f 304/304/304 305/305/305 306/306/306
f 307/307/307 308/308/308 309/309/309
f 310/310/310 311/311/311 312/312/312
f 313/313/313 314/314/314 315/315/315
f 316/316/316 317/317/317 318/318/318
f 319/319/319 320/320/320 321/321/321
f 322/322/322 323/323/323 324/324/324
f 325/325/325 326/326/326 327/327/327
f 328/328/328 329/329/329 330/330/330
f 331/331/331 332/332/332 333/333/333
f 334/334/334 335/335/335 336/336/336
f 337/337/337 338/338/338 339/339/339
f 340/340/340 341/341/341 342/342/342
f 343/343/343 344/344/344 345/345/345
f 346/346/346 347/347/347 348/348/348
f 349/349/349 350/350/350 351/351/351
f 352/352/352 353/353/353 354/354/354
f 355/355/355 356/356/356 357/357/357
f 358/358/358 359/359/359 360/360/360
f 361/361/361 362/362/362 363/363/363
f 364/364/364 365/365/365 366/366/366
f 367/367/367 368/368/368 369/369/369
f 370/370/370 371/371/371 372/372/372
f 373/373/373 374/374/374 375/375/375
f 376/376/376 377/377/377 378/378/378
f 379/379/379 380/380/380 381/381/381
f 382/382/382 383/383/383 384/384/384
f 385/385/385 386/386/386 387/387/387
f 388/388/388 389/389/389 390/390/390
f 391/391/391 392/392/392 393/393/393
f 394/394/394 395/395/395 396/396/396
f 397/397/397 398/398/398 399/399/399
f 400/400/400 401/401/401 402/402/402
f 403/403/403 404/404/404 405/405/405
f 406/406/406 407/407/407 408/408/408
f 409/409/409 410/410/410 411/411/411
f 412/412/412 413/413/413 414/414/414
f 415/415/415 416/416/416 417/417/417
f 418/418/418 419/419/419 420/420/420
f 421/421/421 422/422/422 423/423/423
f 424/424/424 425/425/425 426/426/426
f 427/427/427 428/428/428 429/429/429
f 430/430/430 431/431/431 432/432/432
f 433/433/433 434/434/434 435/435/435
f 436/436/436 437/437/437 438/438/438
f 439/439/439 440/440/440 441/441/441
f 442/442/442 443/443/443 444/444/444
f 445/445/445 446/446/446 447/447/447
f 448/448/448 449/449/449 450/450/450
f 451/451/451 452/452/452 453/453/453
f 454/454/454 455/455/455 456/456/456
f 457/457/457 458/458/458 459/459/459
f 460/460/460 461/461/461 462/462/462
f 463/463/463 464/464/464 465/465/465
f 466/466/466 467/467/467 468/468/468
f 469/469/469 470/470/470 471/471/471
f 472/472/472 473/473/473 474/474/474
f 475/475/475 476/476/476 477/477/477
f 478/478/478 479/479/479 480/480/480
f 481/481/481 482/482/482 483/483/483
f 484/484/484 485/485/485 486/486/486
f 487/487/487 488/488/488 489/489/489
f 490/490/490 491/491/491 492/492/492
f 493/493/493 494/494/494 495/495/495
f 496/496/496 497/497/497 498/498/498
f 499/499/499 500/500/500 501/501/501
f 502/502/502 503/503/503 504/504/504
f 505/505/505 506/506/506 507/507/507
f 508/508/508 509/509/509 510/510/510
f 511/511/511 512/512/512 513/513/513
f 514/514/514 515/515/515 516/516/516
f 517/517/517 518/518/518 519/519/519
f 520/520/520 521/521/521 522/522/522
f 523/523/523 524/524/524 525/525/525
f 526/526/526 527/527/527 528/528/528
f 529/529/529 530/530/530 531/531/531
f 532/532/532 533/533/533 534/534/534
f 535/535/535 536/536/536 537/537/537
f 538/538/538 539/539/539 540/540/540
f 541/541/541 542/542/542 543/543/543
f 544/544/544 545/545/545 546/546/546
f 547/547/547 548/548/548 549/549/549
f 550/550/550 551/551/551 552/552/552
f 553/553/553 554/554/554 555/555/555
f 556/556/556 557/557/557 558/558/558
f 559/559/559 560/560/560 561/561/561
f 562/562/562 563/563/563 564/564/564
f 565/565/565 566/566/566 567/567/567
f 568/568/568 569/569/569 570/570/570
f 571/571/571 572/572/572 573/573/573
f 574/574/574 575/575/575 576/576/576
f 577/577/577 578/578/578 579/579/579
f 580/580/580 581/581/581 582/582/582
f 583/583/583 584/584/584 585/585/585
f 586/586/586 587/587/587 588/588/588
f 589/589/589 590/590/590 591/591/591
f 592/592/592 593/593/593 594/594/594
f 595/595/595 596/596/596 597/597/597
f 598/598/598 599/599/599 600/600/600
f 601/601/601 602/602/602 603/603/603
f 604/604/604 605/605/605 606/606/606
f 607/607/607 608/608/608 609/609/609
f 610/610/610 611/611/611 612/612/612
f 613/613/613 614/614/614 615/615/615
f 616/616/616 617/617/617 618/618/618
f 619/619/619 620/620/620 621/621/621
f 622/622/622 623/623/623 624/624/624
f 625/625/625 626/626/626 627/627/627
f 628/628/628 629/629/629 630/630/630
f 631/631/631 632/632/632 633/633/633
f 634/634/634 635/635/635 636/636/636
f 637/637/637 638/638/638 639/639/639
f 640/640/640 641/641/641 642/642/642
f 643/643/643 644/644/644 645/645/645
f 646/646/646 647/647/647 648/648/648
f 649/649/649 650/650/650 651/651/651
f 652/652/652 653/653/653 654/654/654
f 655/655/655 656/656/656 657/657/657
f 658/658/658 659/659/659 660/660/660
f 661/661/661 662/662/662 663/663/663
f 664/664/664 665/665/665 666/666/666
f 667/667/667 668/668/668 669/669/669
f 670/670/670 671/671/671 672/672/672
f 673/673/673 674/674/674 675/675/675
f 676/676/676 677/677/677 678/678/678
f 679/679/679 680/680/680 681/681/681
f 682/682/682 683/683/683 684/684/684
f 685/685/685 686/686/686 687/687/687
f 688/688/688 689/689/689 690/690/690
f 691/691/691 692/692/692 693/693/693
f 694/694/694 695/695/695 696/696/696
f 697/697/697 698/698/698 699/699/699
f 700/700/700 701/701/701 702/702/702
f 703/703/703 704/704/704 705/705/705
f 706/706/706 707/707/707 708/708/708
f 709/709/709 710/710/710 711/711/711
f 712/712/712 713/713/713 714/714/714
f 715/715/715 716/716/716 717/717/717
f 718/718/718 719/719/719 720/720/720
f 721/721/721 722/722/722 723/723/723
f 724/724/724 725/725/725 726/726/726
f 727/727/727 728/728/728 729/729/729
f 730/730/730 731/731/731 732/732/732
f 733/733/733 734/734/734 735/735/735
f 736/736/736 737/737/737 738/738/738
f 739/739/739 740/740/740 741/741/741
f 742/742/742 743/743/743 744/744/744
f 745/745/745 746/746/746 747/747/747
f 748/748/748 749/749/749 750/750/750
f 751/751/751 752/752/752 753/753/753
f 754/754/754 755/755/755 756/756/756
f 757/757/757 758/758/758 759/759/759
f 760/760/760 761/761/761 762/762/762
f 763/763/763 764/764/764 765/765/765
f 766/766/766 767/767/767 768/768/768
f 769/769/769 770/770/770 771/771/771
f 772/772/772 773/773/773 774/774/774
f 775/775/775 776/776/776 777/777/777
f 778/778/778 779/779/779 780/780/780
f 781/781/781 782/782/782 783/783/783
f 784/784/784 785/785/785 786/786/786
f 787/787/787 788/788/788 789/789/789
f 790/790/790 791/791/791 792/792/792
f 793/793/793 794/794/794 795/795/795
f 796/796/796 797/797/797 798/798/798
f 799/799/799 800/800/800 801/801/801
f 802/802/802 803/803/803 804/804/804
f 805/805/805 806/806/806 807/807/807
f 808/808/808 809/809/809 810/810/810
f 811/811/811 812/812/812 813/813/813
f 814/814/814 815/815/815 816/816/816
f 817/817/817 818/818/818 819/819/819
f 820/820/820 821/821/821 822/822/822
f 823/823/823 824/824/824 825/825/825
f 826/826/826 827/827/827 828/828/828
f 829/829/829 830/830/830 831/831/831
f 832/832/832 833/833/833 834/834/834
f 835/835/835 836/836/836 837/837/837
f 838/838/838 839/839/839 840/840/840
f 841/841/841 842/842/842 843/843/843
f 844/844/844 845/845/845 846/846/846
f 847/847/847 848/848/848 849/849/849
f 850/850/850 851/851/851 852/852/852
f 853/853/853 854/854/854 855/855/855
f 856/856/856 857/857/857 858/858/858
f 859/859/859 860/860/860 861/861/861
f 862/862/862 863/863/863 864/864/864
f 865/865/865 866/866/866 867/867/867
f 868/868/868 869/869/869 870/870/870
f 871/871/871 872/872/872 873/873/873
f 874/874/874 875/875/875 876/876/876
f 877/877/877 878/878/878 879/879/879
f 880/880/880 881/881/881 882/882/882
f 883/883/883 884/884/884 885/885/885
f 884/884/886 886/886/887 887/887/888
f 886/886/889 888/888/890 889/889/891
f 890/890/892 891/891/893 892/892/894
f 893/893/895 892/892/896 894/894/897
f 895/895/898 894/894/899 896/896/900
f 896/896/901 897/897/902 895/895/903
f 898/898/904 897/897/905 899/899/906
f 899/899/907 900/900/908 898/898/909
f 901/901/910 902/902/911 903/903/912
f 903/903/913 904/904/914 901/901/915
f 905/905/916 906/906/917 907/907/918
f 907/907/919 908/908/920 905/905/921
f 909/909/922 910/910/923 911/911/924
f 911/911/925 912/912/926 909/909/927
f 913/913/928 914/914/929 915/915/930
f 915/915/931 916/916/932 913/913/933
f 917/917/934 918/918/935 919/919/936
f 919/919/937 920/920/938 917/917/939
f 921/921/940 922/922/941 923/923/942
f 923/923/943 924/924/944 921/921/945
f 925/925/946 926/926/947 927/927/948
f 927/927/949 928/928/950 925/925/951
f 929/929/952 930/930/953 931/931/954
f 931/931/955 932/932/956 929/929/957
f 933/933/958 934/934/959 935/935/960
f 934/934/961 936/936/962 935/935/963
f 937/937/964 938/938/965 939/939/966
f 939/939/967 940/940/968 937/937/969
f 941/941/970 942/942/971 943/943/972
f 943/943/973 944/944/974 941/941/975
f 945/945/976 946/946/977 947/947/978
f 947/947/979 948/948/980 945/945/981
f 949/949/982 950/950/983 951/951/984
f 951/951/985 952/952/986 949/949/987
f 953/953/988 954/954/989 955/955/990
f 955/955/991 956/956/992 953/953/993
f 957/957/994 958/958/995 959/959/996
f 959/959/997 960/960/998 957/957/999
f 961/961/1000 962/962/1001 963/963/1002
f 963/963/1003 964/964/1004 961/961/1005
f 965/965/1006 966/966/1007 967/967/1008
f 967/967/1009 968/968/1010 965/965/1011
f 969/969/1012 970/970/1013 971/971/1014
f 971/971/1015 972/972/1016 969/969/1017
f 973/973/1018 974/974/1019 975/975/1020
f 975/975/1021 976/976/1022 973/973/1023
f 977/977/1024 978/978/1025 979/979/1026
f 979/979/1027 980/980/1028 977/977/1029
f 981/981/1030 982/982/1031 983/983/1032
f 983/983/1033 984/984/1034 981/981/1035
f 985/985/1036 986/986/1037 987/987/1038
f 987/987/1039 988/988/1040 985/985/1041
f 989/989/1042 990/990/1043 991/991/1044
f 991/991/1045 992/992/1046 989/989/1047
f 993/993/1048 994/994/1049 995/995/1050
f 995/995/1051 996/996/1052 993/993/1053
f 997/997/1054 998/998/1055 999/999/1056
f 999/999/1057 1000/1000/1058 997/997/1059
f 1001/1001/1060 1002/1002/1061 1003/1003/1062
f 1003/1003/1063 1004/1004/1064 1001/1001/1065
f 1005/1005/1066 1006/1006/1067 1007/1007/1068
f 1007/1007/1069 1008/1008/1070 1005/1005/1071
f 1009/1009/1072 1010/1010/1073 1011/1011/1074
f 1011/1011/1075 1012/1012/1076 1009/1009/1077
f 1013/1013/1078 1014/1014/1079 1015/1015/1080
f 1015/1015/1081 1016/1016/1082 1013/1013/1083
f 1017/1017/1084 1018/1018/1085 1019/1019/1086
f 1019/1019/1087 1020/1020/1088 1017/1017/1089
f 1021/1021/1090 1022/1022/1091 1023/1023/1092
f 1023/1023/1093 1024/1024/1094 1021/1021/1095
f 1025/1025/1096 1026/1026/1097 1027/1027/1098
f 1027/1027/1099 1028/1028/1100 1025/1025/1101
f 1029/1029/1102 1030/1030/1103 1031/1031/1104
f 1031/1031/1105 1032/1032/1106 1029/1029/1107
f 1033/1033/1108 1034/1034/1109 1035/1035/1110
f 1035/1035/1111 1036/1036/1112 1033/1033/1113
f 1037/1037/1114 1038/1038/1115 1039/1039/1116
f 1039/1039/1117 1040/1040/1118 1037/1037/1119
f 1041/1041/1120 1042/1042/1121 1043/1043/1122
f 1043/1043/1123 1044/1044/1124 1041/1041/1125
f 1045/1045/1126 1046/1046/1127 1047/1047/1128
f 1047/1047/1129 1048/1048/1130 1045/1045/1131
f 1049/1049/1132 1050/1050/1133 1051/1051/1134
f 1051/1051/1135 1052/1052/1136 1049/1049/1137
f 1053/1053/1138 1054/1054/1139 1055/1055/1140
f 1055/1055/1141 1056/1056/1142 1053/1053/1143
f 1057/1057/1144 1058/1058/1145 1059/1059/1146
f 1059/1059/1147 1060/1060/1148 1057/1057/1149
f 1061/1061/1150 1062/1062/1151 1063/1063/1152
f 1063/1063/1153 1064/1064/1154 1061/1061/1155
f 1065/1065/1156 1066/1066/1157 1067/1067/1158
f 1067/1067/1159 1068/1068/1160 1065/1065/1161
f 1069/1069/1162 1070/1070/1163 1071/1071/1164
f 1071/1071/1165 1072/1072/1166 1069/1069/1167
f 1073/1073/1168 1074/1074/1169 1075/1075/1170
f 1075/1075/1171 1076/1076/1172 1073/1073/1173
f 1077/1077/1174 1078/1078/1175 1079/1079/1176
f 1079/1079/1177 1080/1080/1178 1077/1077/1179
f 1081/1081/1180 1082/1082/1181 1083/1083/1182
f 1083/1083/1183 1084/1084/1184 1081/1081/1185
f 1085/1085/1186 1086/1086/1187 1087/1087/1188
f 1087/1087/1189 1088/1088/1190 1085/1085/1191
f 1089/1089/1192 1090/1090/1193 1091/1091/1194
f 1091/1091/1195 1092/1092/1196 1089/1089/1197
f 1093/1093/1198 1094/1094/1199 1095/1095/1200
f 1095/1095/1201 1096/1096/1202 1093/1093/1203
f 1097/1097/1204 1098/1098/1205 1099/1099/1206
f 1099/1099/1207 1100/1100/1208 1097/1097/1209
f 1101/1101/1210 1102/1102/1211 1103/1103/1212
f 1103/1103/1213 1104/1104/1214 1101/1101/1215
f 1105/1105/1216 1106/1106/1217 1107/1107/1218
f 1107/1107/1219 1108/1108/1220 1105/1105/1221
f 1109/1109/1222 1110/1110/1223 1111/1111/1224
f 1111/1111/1225 1112/1112/1226 1109/1109/1227
f 1113/1113/1228 1114/1114/1229 1115/1115/1230
f 1115/1115/1231 1116/1116/1232 1113/1113/1233
f 1117/1117/1234 1118/1118/1235 1119/1119/1236
f 1119/1119/1237 1120/1120/1238 1117/1117/1239
f 1121/1121/1240 1122/1122/1241 1123/1123/1242
f 1123/1123/1243 1124/1124/1244 1121/1121/1245
f 1125/1125/1246 1126/1126/1247 1127/1127/1248
f 1127/1127/1249 1128/1128/1250 1125/1125/1251
f 1129/1129/1252 1130/1130/1253 1131/1131/1254
f 1131/1131/1255 1132/1132/1256 1129/1129/1257
f 1133/1133/1258 1134/1134/1259 1135/1135/1260
f 1135/1135/1261 1136/1136/1262 1133/1133/1263
f 1137/1137/1264 1138/1138/1265 1139/1139/1266
f 1139/1139/1267 1140/1140/1268 1137/1137/1269
f 1141/1141/1270 1142/1142/1271 1143/1143/1272
f 1143/1143/1273 1144/1144/1274 1141/1141/1275
f 1145/1145/1276 1146/1146/1277 1147/1147/1278
f 1147/1147/1279 1148/1148/1280 1145/1145/1281
f 1149/1149/1282 1150/1150/1283 1151/1151/1284
f 1151/1151/1285 1152/1152/1286 1149/1149/1287
f 1153/1153/1288 1154/1154/1289 1155/1155/1290
f 1155/1155/1291 1156/1156/1292 1153/1153/1293
f 1157/1157/1294 1158/1158/1295 1159/1159/1296
f 1159/1159/1297 1160/1160/1298 1157/1157/1299
f 1161/1161/1300 1162/1162/1301 1163/1163/1302
f 1163/1163/1303 1164/1164/1304 1161/1161/1305
f 1165/1165/1306 1166/1166/1307 1167/1167/1308
f 1167/1167/1309 1168/1168/1310 1165/1165/1311
f 1169/1169/1312 1170/1170/1313 1171/1171/1314
f 1171/1171/1315 1172/1172/1316 1169/1169/1317
f 1173/1173/1318 1174/1174/1319 1175/1175/1320
f 1175/1175/1321 1176/1176/1322 1173/1173/1323
f 1177/1177/1324 1178/1178/1325 1179/1179/1326
f 1179/1179/1327 1180/1180/1328 1177/1177/1329
f 1181/1181/1330 1182/1182/1331 1183/1183/1332
f 1183/1183/1333 1184/1184/1334 1181/1181/1335
f 1185/1185/1336 1186/1186/1337 1187/1187/1338
f 1187/1187/1339 1188/1188/1340 1185/1185/1341
f 1189/1189/1342 1190/1190/1343 1191/1191/1344
f 1191/1191/1345 1192/1192/1346 1189/1189/1347
f 1193/1193/1348 1194/1194/1349 1195/1195/1350
f 1195/1195/1351 1196/1196/1352 1193/1193/1353
f 1197/1197/1354 1198/1198/1355 1199/1199/1356
f 1199/1199/1357 1200/1200/1358 1197/1197/1359
f 1201/1201/1360 1202/1202/1361 1203/1203/1362
f 1203/1203/1363 1204/1204/1364 1201/1201/1365
f 1205/1205/1366 1206/1206/1367 1207/1207/1368
f 1207/1207/1369 1208/1208/1370 1205/1205/1371
f 1209/1209/1372 1210/1210/1373 1211/1211/1374
f 1211/1211/1375 1212/1212/1376 1209/1209/1377
f 1213/1213/1378 1214/1214/1379 1215/1215/1380
f 1215/1215/1381 1216/1216/1382 1213/1213/1383
f 1217/1217/1384 1218/1218/1385 1219/1219/1386
f 1219/1219/1387 1220/1220/1388 1217/1217/1389
f 1221/1221/1390 1222/1222/1391 1223/1223/1392
f 1223/1223/1393 1224/1224/1394 1221/1221/1395
f 1225/1225/1396 1226/1226/1397 1227/1227/1398
f 1227/1227/1399 1228/1228/1400 1225/1225/1401
f 1229/1229/1402 1230/1230/1403 1231/1231/1404
f 1231/1231/1405 1232/1232/1406 1229/1229/1407
f 1233/1233/1408 1234/1234/1409 1235/1235/1410
f 1235/1235/1411 1236/1236/1412 1233/1233/1413
f 1237/1237/1414 1238/1238/1415 1239/1239/1416
f 1239/1239/1417 1240/1240/1418 1237/1237/1419
f 1241/1241/1420 1242/1242/1421 1243/1243/1422
f 1243/1243/1423 1244/1244/1424 1241/1241/1425
f 1245/1245/1426 1246/1246/1427 1247/1247/1428
f 1247/1247/1429 1248/1248/1430 1245/1245/1431
f 1249/1249/1432 1250/1250/1433 1251/1251/1434
f 1251/1251/1435 1252/1252/1436 1249/1249/1437
f 1253/1253/1438 1254/1254/1439 1255/1255/1440
f 1255/1255/1441 1256/1256/1442 1253/1253/1443
f 1257/1257/1444 1258/1258/1445 1259/1259/1446
f 1259/1259/1447 1260/1260/1448 1257/1257/1449
f 1261/1261/1450 1262/1262/1451 1263/1263/1452
f 1263/1263/1453 1264/1264/1454 1261/1261/1455
f 1265/1265/1456 1266/1266/1457 1267/1267/1458
f 1267/1267/1459 1268/1268/1460 1265/1265/1461
f 1269/1269/1462 1270/1270/1463 1271/1271/1464
f 1271/1271/1465 1272/1272/1466 1269/1269/1467
f 1273/1273/1468 1274/1274/1469 1275/1275/1470
f 1275/1275/1471 1276/1276/1472 1273/1273/1473
f 1277/1277/1474 1278/1278/1475 1279/1279/1476
f 1279/1279/1477 1280/1280/1478 1277/1277/1479
f 1281/1281/1480 1282/1282/1481 1283/1283/1482
f 1283/1283/1483 1284/1284/1484 1281/1281/1485
f 1285/1285/1486 1286/1286/1487 1287/1287/1488
f 1287/1287/1489 1288/1288/1490 1285/1285/1491
f 1289/1289/1492 1290/1290/1493 1291/1291/1494
f 1291/1291/1495 1292/1292/1496 1289/1289/1497
f 1293/1293/1498 1294/1294/1499 1295/1295/1500
f 1295/1295/1501 1296/1296/1502 1293/1293/1503
f 1297/1297/1504 1298/1298/1505 1299/1299/1506
f 1299/1299/1507 1300/1300/1508 1297/1297/1509
f 1301/1301/1510 1302/1302/1511 1303/1303/1512
f 1303/1303/1513 1304/1304/1514 1301/1301/1515
f 1305/1305/1516 1306/1306/1517 1307/1307/1518
f 1307/1307/1519 1308/1308/1520 1305/1305/1521
f 1309/1309/1522 1310/1310/1523 1311/1311/1524
f 1311/1311/1525 1312/1312/1526 1309/1309/1527
f 1313/1313/1528 1314/1314/1529 1315/1315/1530
f 1315/1315/1531 1316/1316/1532 1313/1313/1533
f 1317/1317/1534 1318/1318/1535 1319/1319/1536
f 1319/1319/1537 1320/1320/1538 1317/1317/1539
f 1321/1321/1540 1322/1322/1541 1323/1323/1542
f 1323/1323/1543 1324/1324/1544 1321/1321/1545
f 1325/1325/1546 1326/1326/1547 1327/1327/1548
f 1327/1327/1549 1328/1328/1550 1325/1325/1551
f 1329/1329/1552 1330/1330/1553 1331/1331/1554
f 1331/1331/1555 1332/1332/1556 1329/1329/1557
f 1333/1333/1558 1334/1334/1559 1335/1335/1560
f 1335/1335/1561 1336/1336/1562 1333/1333/1563
f 1337/1337/1564 1338/1338/1565 1339/1339/1566
f 1339/1339/1567 1340/1340/1568 1337/1337/1569
f 1341/1341/1570 1342/1342/1571 1343/1343/1572
f 1343/1343/1573 1344/1344/1574 1341/1341/1575
f 1345/1345/1576 1346/1346/1577 1347/1347/1578
f 1347/1347/1579 1348/1348/1580 1345/1345/1581
f 1349/1349/1582 1350/1350/1583 1351/1351/1584
f 1351/1351/1585 1352/1352/1586 1349/1349/1587
f 1353/1353/1588 1354/1354/1589 1355/1355/1590
f 1355/1355/1591 1356/1356/1592 1353/1353/1593
f 1357/1357/1594 1358/1358/1595 1359/1359/1596
f 1359/1359/1597 1360/1360/1598 1357/1357/1599
f 1361/1361/1600 1362/1362/1601 1363/1363/1602
f 1363/1363/1603 1364/1364/1604 1361/1361/1605
f 1365/1365/1606 1366/1366/1607 1367/1367/1608
f 1367/1367/1609 1368/1368/1610 1365/1365/1611
f 1369/1369/1612 1370/1370/1613 1371/1371/1614
f 1371/1371/1615 1372/1372/1616 1369/1369/1617
f 1373/1373/1618 1374/1374/1619 1375/1375/1620
f 1375/1375/1621 1376/1376/1622 1373/1373/1623
f 1377/1377/1624 1378/1378/1625 1379/1379/1626
f 1379/1379/1627 1380/1380/1628 1377/1377/1629
f 1381/1381/1630 1382/1382/1631 1383/1383/1632
f 1383/1383/1633 1384/1384/1634 1381/1381/1635
f 1385/1385/1636 1386/1386/1637 1387/1387/1638
f 1387/1387/1639 1388/1388/1640 1385/1385/1641
f 1389/1389/1642 1390/1390/1643 1391/1391/1644
f 1391/1391/1645 1392/1392/1646 1389/1389/1647
f 1393/1393/1648 1394/1394/1649 1395/1395/1650
f 1395/1395/1651 1396/1396/1652 1393/1393/1653
f 1397/1397/1654 1398/1398/1655 1399/1399/1656
f 1399/1399/1657 1400/1400/1658 1397/1397/1659
f 1401/1401/1660 1402/1402/1661 1403/1403/1662
f 1403/1403/1663 1404/1404/1664 1401/1401/1665
f 1405/1405/1666 1406/1406/1667 1407/1407/1668
f 1407/1407/1669 1408/1408/1670 1405/1405/1671
f 1409/1409/1672 1410/1410/1673 1411/1411/1674
f 1411/1411/1675 1412/1412/1676 1409/1409/1677
f 1413/1413/1678 1414/1414/1679 1415/1415/1680
f 1416/1416/1681 1414/1414/1682 1413/1413/1683
f 1417/1417/1684 1418/1418/1685 1419/1419/1686
f 1419/1419/1687 1420/1420/1688 1417/1417/1689
f 1421/1421/1690 1422/1422/1691 1423/1423/1692
f 1423/1423/1693 1424/1424/1694 1421/1421/1695
f 1425/1425/1696 1426/1426/1697 1427/1427/1698
f 1427/1427/1699 1428/1428/1700 1425/1425/1701
f 1429/1429/1702 1430/1430/1703 1431/1431/1704
f 1431/1431/1705 1432/1432/1706 1429/1429/1707
f 1433/1433/1708 1434/1434/1709 1435/1435/1710
f 1435/1435/1711 1434/1434/1712 1436/1436/1713
f 1437/1437/1714 1438/1438/1715 1439/1439/1716
f 1439/1439/1717 1440/1440/1718 1437/1437/1719
f 1441/1441/1720 1442/1442/1721 1443/1443/1722
f 1443/1443/1723 1444/1444/1724 1441/1441/1725
f 1445/1445/1726 1446/1446/1727 1447/1447/1728
f 1447/1447/1729 1448/1448/1730 1445/1445/1731
f 1449/1449/1732 1450/1450/1733 1451/1451/1734
f 1451/1451/1735 1452/1452/1736 1449/1449/1737
f 1453/1453/1738 1454/1454/1739 1455/1455/1740
f 1455/1455/1741 1456/1456/1742 1453/1453/1743
f 1457/1457/1744 1458/1458/1745 1459/1459/1746
f 1459/1459/1747 1460/1460/1748 1457/1457/1749
f 1461/1461/1750 1462/1462/1751 1463/1463/1752
f 1463/1463/1753 1464/1464/1754 1461/1461/1755
f 1465/1465/1756 1466/1466/1757 1467/1467/1758
f 1467/1467/1759 1468/1468/1760 1465/1465/1761
f 1469/1469/1762 1470/1470/1763 1471/1471/1764
f 1471/1471/1765 1472/1472/1766 1469/1469/1767
f 1473/1473/1768 1474/1474/1769 1475/1475/1770
f 1475/1475/1771 1476/1476/1772 1473/1473/1773
f 1477/1477/1774 1478/1478/1775 1479/1479/1776
f 1479/1479/1777 1480/1480/1778 1477/1477/1779
f 1481/1481/1780 1482/1482/1781 1483/1483/1782
f 1483/1483/1783 1484/1484/1784 1481/1481/1785
f 1485/1485/1786 1486/1486/1787 1487/1487/1788
f 1487/1487/1789 1488/1488/1790 1485/1485/1791
f 1489/1489/1792 1490/1490/1793 1491/1491/1794
f 1491/1491/1795 1492/1492/1796 1489/1489/1797
f 1493/1493/1798 1494/1494/1799 1495/1495/1800
f 1495/1495/1801 1496/1496/1802 1493/1493/1803
f 1497/1497/1804 1498/1498/1805 1499/1499/1806
f 1499/1499/1807 1500/1500/1808 1497/1497/1809
f 1501/1501/1810 1502/1502/1811 1503/1503/1812
f 1503/1503/1813 1504/1504/1814 1501/1501/1815
f 1505/1505/1816 1506/1506/1817 1507/1507/1818
f 1507/1507/1819 1508/1508/1820 1505/1505/1821
f 1509/1509/1822 1510/1510/1823 1511/1511/1824
f 1511/1511/1825 1512/1512/1826 1509/1509/1827
f 1513/1513/1828 1514/1514/1829 1515/1515/1830
f 1515/1515/1831 1516/1516/1832 1513/1513/1833
f 1517/1517/1834 1518/1518/1835 1519/1519/1836
f 1519/1519/1837 1520/1520/1838 1517/1517/1839
f 1521/1521/1840 1522/1522/1841 1523/1523/1842
f 1523/1523/1843 1524/1524/1844 1521/1521/1845
f 1525/1525/1846 1526/1526/1847 1527/1527/1848
f 1527/1527/1849 1528/1528/1850 1525/1525/1851
f 1529/1529/1852 1530/1530/1853 1531/1531/1854
f 1531/1531/1855 1532/1532/1856 1529/1529/1857
f 1533/1533/1858 1534/1534/1859 1535/1535/1860
f 1535/1535/1861 1536/1536/1862 1533/1533/1863
f 1537/1537/1864 1538/1538/1865 1539/1539/1866
f 1539/1539/1867 1540/1540/1868 1537/1537/1869
f 1541/1541/1870 1542/1542/1871 1543/1543/1872
f 1543/1543/1873 1544/1544/1874 1541/1541/1875
f 1545/1545/1876 1546/1546/1877 1547/1547/1878
f 1547/1547/1879 1548/1548/1880 1545/1545/1881
f 1549/1549/1882 1550/1550/1883 1551/1551/1884
f 1551/1551/1885 1552/1552/1886 1549/1549/1887
f 1553/1553/1888 1554/1554/1889 1555/1555/1890
f 1555/1555/1891 1556/1556/1892 1553/1553/1893
f 1557/1557/1894 1558/1558/1895 1559/1559/1896
f 1559/1559/1897 1560/1560/1898 1557/1557/1899
f 1561/1561/1900 1562/1562/1901 1563/1563/1902
f 1563/1563/1903 1564/1564/1904 1561/1561/1905
f 1565/1565/1906 1566/1566/1907 1567/1567/1908
f 1567/1567/1909 1568/1568/1910 1565/1565/1911
f 1569/1569/1912 1570/1570/1913 1571/1571/1914
f 1571/1571/1915 1572/1572/1916 1569/1569/1917
f 1572/1572/1918 1571/1571/1919 1573/1573/1920
f 1573/1573/1921 1574/1574/1922 1572/1572/1923
f 1574/1574/1924 1573/1573/1925 1575/1575/1926
f 1575/1575/1927 1576/1576/1928 1574/1574/1929
f 1576/1576/1930 1575/1575/1931 1577/1577/1932
f 1577/1577/1933 1578/1578/1934 1576/1576/1935
f 1578/1578/1936 1577/1577/1937 1579/1579/1938
f 1579/1579/1939 1580/1580/1940 1578/1578/1941
f 1581/1581/1942 1580/1580/1943 1579/1579/1944
f 1579/1579/1945 1582/1582/1946 1581/1581/1947
f 1583/1583/1948 1584/1584/1949 1585/1585/1950
f 1585/1585/1951 1586/1586/1952 1583/1583/1953
f 1586/1586/1954 1585/1585/1955 1587/1587/1956
f 1587/1587/1957 1588/1588/1958 1586/1586/1959
f 1588/1588/1960 1587/1587/1961 1589/1589/1962
f 1589/1589/1963 1590/1590/1964 1588/1588/1965
f 1590/1590/1966 1589/1589/1967 1591/1591/1968
f 1591/1591/1969 1592/1592/1970 1590/1590/1971
f 1593/1593/1972 1594/1594/1973 1595/1595/1974
f 1595/1595/1975 1596/1596/1976 1593/1593/1977
f 1596/1596/1978 1595/1595/1979 1597/1597/1980
f 1597/1597/1981 1598/1598/1982 1596/1596/1983
f 1598/1598/1984 1597/1597/1985 1599/1599/1986
f 1599/1599/1987 1600/1600/1988 1598/1598/1989
f 1600/1600/1990 1599/1599/1991 1601/1601/1992
f 1601/1601/1993 1602/1602/1994 1600/1600/1995
f 1603/1603/1996 1604/1604/1997 1605/1605/1998
f 1605/1605/1999 1606/1606/2000 1603/1603/2001
f 1607/1607/2002 1603/1603/2003 1606/1606/2004
f 1606/1606/2005 1608/1608/2006 1607/1607/2007
f 1609/1609/2008 1607/1607/2009 1608/1608/2010
f 1608/1608/2011 1610/1610/2012 1609/1609/2013
f 1611/1611/2014 1609/1609/2015 1610/1610/2016
f 1610/1610/2017 1612/1612/2018 1611/1611/2019
f 1613/1613/2020 1611/1611/2021 1612/1612/2022
f 1612/1612/2023 1614/1614/2024 1613/1613/2025
f 1613/1613/2026 1614/1614/2027 1615/1615/2028
f 1615/1615/2029 1616/1616/2030 1613/1613/2031
f 1617/1617/2032 1618/1618/2033 1619/1619/2034
f 1619/1619/2035 1620/1620/2036 1617/1617/2037
f 1621/1621/2038 1617/1617/2039 1620/1620/2040
f 1620/1620/2041 1622/1622/2042 1621/1621/2043
f 1623/1623/2044 1621/1621/2045 1622/1622/2046
f 1622/1622/2047 1624/1624/2048 1623/1623/2049
f 1625/1625/2050 1623/1623/2051 1624/1624/2052
f 1624/1624/2053 1626/1626/2054 1625/1625/2055
f 1627/1627/2056 1628/1628/2057 1629/1629/2058
f 1629/1629/2059 1630/1630/2060 1627/1627/2061
f 1631/1631/2062 1627/1627/2063 1630/1630/2064
f 1630/1630/2065 1632/1632/2066 1631/1631/2067
f 1633/1633/2068 1631/1631/2069 1632/1632/2070
f 1632/1632/2071 1634/1634/2072 1633/1633/2073
f 1635/1635/2074 1633/1633/2075 1634/1634/2076
f 1634/1634/2077 1636/1636/2078 1635/1635/2079
f 1637/1637/2080 1638/1638/2081 1639/1639/2082
f 1640/1640/2083 1638/1638/2084 1637/1637/2085
f 1637/1637/2086 1641/1641/2087 1640/1640/2088
f 1642/1642/2089 1643/1643/2090 1644/1644/2091
f 1642/1642/2092 1644/1644/2093 1645/1645/2094
f 1642/1642/2095 1645/1645/2096 1646/1646/2097
f 1642/1642/2098 1646/1646/2099 1647/1647/2100
f 1642/1642/2101 1647/1647/2102 1648/1648/2103
f 1642/1642/2104 1648/1648/2105 1649/1649/2106
f 1642/1642/2107 1649/1649/2108 1650/1650/2109
f 1651/1651/2110 1652/1652/2111 1653/1653/2112
f 1651/1651/2113 1653/1653/2114 1654/1654/2115
f 1651/1651/2116 1654/1654/2117 1655/1655/2118
f 1651/1651/2119 1655/1655/2120 1656/1656/2121
f 1651/1651/2122 1656/1656/2123 1657/1657/2124
f 1651/1651/2125 1657/1657/2126 1658/1658/2127
f 1651/1651/2128 1658/1658/2129 1659/1659/2130
f 1660/1660/2131 1661/1661/2132 1662/1662/2133
f 1660/1660/2134 1662/1662/2135 1663/1663/2136
f 1660/1660/2137 1663/1663/2138 1664/1664/2139
f 1660/1660/2140 1664/1664/2141 1665/1665/2142
f 1660/1660/2143 1665/1665/2144 1666/1666/2145
f 1660/1660/2146 1666/1666/2147 1667/1667/2148
f 1660/1660/2149 1667/1667/2150 1668/1668/2151
f 1669/1669/2152 1670/1670/2153 1671/1671/2154
f 1669/1669/2155 1671/1671/2156 1672/1672/2157
f 1669/1669/2158 1672/1672/2159 1673/1673/2160
f 1669/1669/2161 1673/1673/2162 1674/1674/2163
f 1669/1669/2164 1674/1674/2165 1675/1675/2166
f 1669/1669/2167 1675/1675/2168 1676/1676/2169
f 1669/1669/2170 1676/1676/2171 1677/1677/2172
f 1678/1678/2173 1679/1679/2174 1680/1680/2175
f 1681/1681/2176 1682/1682/2177 1679/1679/2178
f 1680/1680/2179 1679/1679/2180 1683/1683/2181
f 1683/1683/2182 1679/1679/2183 1682/1682/2184
f 1683/1683/2185 1684/1684/2186 1680/1680/2187
f 1682/1682/2188 1685/1685/2189 1683/1683/2190
f 1684/1684/2191 1683/1683/2192 1686/1686/2193
f 1686/1686/2194 1683/1683/2195 1685/1685/2196
f 1686/1686/2197 1687/1687/2198 1684/1684/2199
f 1685/1685/2200 1688/1688/2201 1686/1686/2202
f 1689/1689/2203 1690/1690/2204 1691/1691/2205
f 1691/1691/2206 1692/1692/2207 1693/1693/2208
f 1694/1694/2209 1691/1691/2210 1690/1690/2211
f 1692/1692/2212 1691/1691/2213 1694/1694/2214
f 1690/1690/2215 1695/1695/2216 1694/1694/2217
f 1694/1694/2218 1696/1696/2219 1692/1692/2220
f 1697/1697/2221 1694/1694/2222 1695/1695/2223
f 1696/1696/2224 1694/1694/2225 1697/1697/2226
f 1695/1695/2227 1698/1698/2228 1697/1697/2229
f 1697/1697/2230 1699/1699/2231 1696/1696/2232
f 1703/1700/2233 1700/1701/2234 1701/1702/2235 1702/1703/2236
f 1705/1704/2237 1703/1705/2238 1702/1703/2239 1704/1706/2240
f 1707/1707/2241 1705/1708/2242 1704/1709/2243 1706/1710/2244
f 1700/1711/2245 1707/1712/2246 1706/1713/2247 1701/1702/2248
f 1702/1703/2249 1701/1702/2250 1706/1713/2251 1704/1706/2252
f 1705/1708/2253 1707/1707/2254 1700/1701/2255 1703/1700/2256
f 1711/1714/2257 1708/1715/2258 1709/1716/2259 1710/1717/2260
f 1713/1718/2261 1711/1719/2262 1710/1717/2263 1712/1720/2264
f 1715/1721/2265 1713/1722/2266 1712/1723/2267 1714/1724/2268
f 1708/1725/2269 1715/1726/2270 1714/1727/2271 1709/1716/2272
f 1710/1717/2273 1709/1716/2274 1714/1727/2275 1712/1720/2276
f 1713/1722/2277 1715/1721/2278 1708/1715/2279 1711/1714/2280
f 1719/1728/2281 1716/1729/2282 1717/1730/2283 1718/1731/2284
f 1721/1732/2285 1719/1733/2286 1718/1731/2287 1720/1734/2288
f 1723/1735/2289 1721/1736/2290 1720/1737/2291 1722/1738/2292
f 1716/1739/2293 1723/1740/2294 1722/1741/2295 1717/1730/2296
f 1718/1731/2297 1717/1730/2298 1722/1741/2299 1720/1734/2300
f 1721/1736/2301 1723/1735/2302 1716/1729/2303 1719/1728/2304
f 1727/1742/2305 1724/1743/2306 1725/1744/2307 1726/1745/2308
f 1729/1746/2309 1727/1747/2310 1726/1745/2311 1728/1748/2312
f 1731/1749/2313 1729/1750/2314 1728/1751/2315 1730/1752/2316
f 1724/1753/2317 1731/1754/2318 1730/1755/2319 1725/1744/2320
f 1726/1745/2321 1725/1744/2322 1730/1755/2323 1728/1748/2324
f 1729/1750/2325 1731/1749/2326 1724/1743/2327 1727/1742/2328
f 1735/1756/2329 1732/1757/2330 1733/1758/2331 1734/1759/2332
f 1739/1760/2333 1736/1761/2334 1737/1762/2335 1738/1763/2336
f 1732/1764/2337 1739/1765/2338 1738/1766/2339 1733/1758/2340
f 1734/1759/2341 1733/1758/2342 1738/1766/2343 1737/1767/2344
f 1736/1761/2345 1739/1760/2346 1732/1757/2347 1735/1756/2348
f 1743/1768/2349 1740/1769/2350 1741/1770/2351 1742/1771/2352
f 1747/1772/2353 1744/1773/2354 1745/1774/2355 1746/1775/2356
f 1740/1776/2357 1747/1772/2358 1746/1777/2359 1741/1778/2360
f 1742/1771/2361 1741/1770/2362 1746/1775/2363 1745/1774/2364
f 1744/1773/2365 1747/1772/2366 1740/1776/2367 1743/1779/2368
f 1751/1780/2369 1748/1781/2370 1749/1782/2371 1750/1783/2372
f 1750/1783/2373 1749/1782/2374 1752/1784/2375 1753/1785/2376
f 1757/1786/2377 1754/1787/2378 1755/1788/2379
f 1757/1786/2380 1755/1788/2381 1756/1789/2382 1761/1790/2383
f 1756/1789/2384 1755/1788/2385 1758/1791/2386
f 1756/1789/2387 1758/1791/2388 1759/1792/2389 1760/1793/2390
f 1761/1790/2391 1756/1789/2392 1760/1793/2393 1764/1794/2394
f 1759/1792/2395 1762/1795/2396 1760/1793/2397
f 1760/1793/2398 1763/1796/2399 1764/1794/2400
f 1763/1796/2401 1760/1793/2402 1762/1795/2403 1765/1797/2404
f 1769/1798/2405 1766/1799/2406 1767/1800/2407 1768/1801/2408
f 1768/1802/2409 1767/1803/2410 1770/1804/2411 1771/1805/2412
f 1773/1806/2413 1769/1798/2414 1768/1801/2415 1772/1807/2416
f 1772/1808/2417 1768/1802/2418 1771/1805/2419 1774/1809/2420
f 1776/1810/2421 1773/1806/2422 1772/1807/2423 1775/1811/2424
f 1775/1812/2425 1772/1808/2426 1774/1809/2427 1777/1813/2428
f 1781/1814/2429 1778/1815/2430 1779/1816/2431 1780/1817/2432
f 1780/1818/2433 1779/1819/2434 1782/1820/2435 1783/1821/2436
f 1785/1822/2437 1781/1823/2438 1780/1824/2439 1784/1825/2440
f 1784/1825/2441 1780/1824/2442 1783/1826/2443 1786/1827/2444
f 1748/1828/2445 1785/1822/2446 1784/1825/2447 1749/1829/2448
f 1749/1829/2449 1784/1825/2450 1786/1827/2451 1752/1830/2452
f 1787/1831/2453 1786/1832/2454 1783/1821/2455 1782/1820/2456
f 1753/1785/2457 1752/1784/2458 1786/1832/2459 1787/1831/2460
f 1789/1833/2461 1788/1834/2462 1777/1813/2463 1774/1809/2464
f 1759/1792/2465 1758/1791/2466 1788/1834/2467 1789/1833/2468
f 1790/1835/2469 1789/1833/2470 1774/1809/2471 1771/1805/2472
f 1762/1795/2473 1759/1792/2474 1789/1833/2475 1790/1835/2476
f 1791/1836/2477 1790/1835/2478 1771/1805/2479 1770/1804/2480
f 1765/1797/2481 1762/1795/2482 1790/1835/2483 1791/1836/2484
f 1778/1815/2485 1781/1814/2486 1785/1837/2487 1792/1838/2488
f 1792/1838/2489 1785/1837/2490 1748/1781/2491 1751/1780/2492
f 1773/1806/2493 1776/1810/2494 1793/1839/2495 1794/1840/2496
f 1794/1840/2497 1793/1839/2498 1754/1787/2499 1757/1786/2500
f 1769/1798/2501 1773/1806/2502 1794/1840/2503 1795/1841/2504
f 1795/1841/2505 1794/1840/2506 1757/1786/2507 1761/1790/2508
f 1766/1799/2509 1769/1798/2510 1795/1841/2511 1796/1842/2512
f 1796/1842/2513 1795/1841/2514 1761/1790/2515 1764/1794/2516
f 1800/1843/2517 1797/1844/2518 1798/1845/2519 1799/1846/2520
f 1802/1847/2521 1801/1848/2522 1797/1844/2523 1800/1843/2524
f 1799/1846/2525 1798/1845/2526 1803/1849/2527 1804/1850/2528
f 1804/1850/2529 1803/1849/2530 1805/1851/2531 1806/1852/2532
f 1810/1853/2533 1807/1854/2534 1808/1855/2535 1809/1856/2536
f 1809/1856/2537 1808/1855/2538 1801/1848/2539 1802/1847/2540
f 1806/1852/2541 1805/1851/2542 1811/1857/2543 1812/1858/2544
f 1812/1858/2545 1811/1857/2546 1807/1859/2547 1810/1860/2548
f 1797/1844/2549 1764/1861/2550 1763/1862/2551 1798/1845/2552
f 1799/1846/2553 1813/1863/2554 1814/1864/2555 1800/1843/2556
f 1801/1848/2557 1796/1865/2558 1764/1861/2559 1797/1844/2560
f 1800/1843/2561 1814/1864/2562 1815/1866/2563 1802/1847/2564
f 1798/1845/2565 1763/1862/2566 1765/1867/2567 1803/1849/2568
f 1804/1850/2569 1816/1868/2570 1813/1863/2571 1799/1846/2572
f 1803/1849/2573 1765/1867/2574 1791/1869/2575 1805/1851/2576
f 1806/1852/2577 1817/1870/2578 1816/1868/2579 1804/1850/2580
f 1807/1854/2581 1767/1871/2582 1766/1872/2583 1808/1855/2584
f 1809/1856/2585 1818/1873/2586 1819/1874/2587 1810/1853/2588
f 1808/1855/2589 1766/1872/2590 1796/1865/2591 1801/1848/2592
f 1802/1847/2593 1815/1866/2594 1818/1873/2595 1809/1856/2596
f 1805/1851/2597 1791/1869/2598 1770/1875/2599 1811/1857/2600
f 1812/1858/2601 1820/1876/2602 1817/1870/2603 1806/1852/2604
f 1811/1857/2605 1770/1875/2606 1767/1877/2607 1807/1859/2608
f 1810/1860/2609 1819/1878/2610 1820/1876/2611 1812/1858/2612
f 1822/1879/2613 1814/1880/2614 1813/1881/2615 1821/1882/2616
f 1823/1883/2617 1815/1884/2618 1814/1880/2619 1822/1879/2620
f 1821/1882/2621 1813/1881/2622 1816/1885/2623 1824/1886/2624
f 1824/1886/2625 1816/1885/2626 1817/1887/2627 1825/1888/2628
f 1827/1889/2629 1819/1890/2630 1818/1891/2631 1826/1892/2632
f 1826/1892/2633 1818/1891/2634 1815/1884/2635 1823/1883/2636
f 1825/1888/2637 1817/1887/2638 1820/1893/2639 1828/1894/2640
f 1828/1894/2641 1820/1893/2642 1819/1895/2643 1827/1896/2644
f 1830/1897/2645 1822/1879/2646 1821/1882/2647 1829/1898/2648
f 1831/1899/2649 1823/1883/2650 1822/1879/2651 1830/1897/2652
f 1829/1898/2653 1821/1882/2654 1824/1886/2655 1832/1900/2656
f 1832/1900/2657 1824/1886/2658 1825/1888/2659 1833/1901/2660
f 1835/1902/2661 1827/1889/2662 1826/1892/2663 1834/1903/2664
f 1834/1903/2665 1826/1892/2666 1823/1883/2667 1831/1899/2668
f 1833/1901/2669 1825/1888/2670 1828/1894/2671 1836/1904/2672
f 1836/1904/2673 1828/1894/2674 1827/1896/2675 1835/1905/2676
f 1838/1906/2677 1830/1897/2678 1829/1898/2679 1837/1907/2680
f 1839/1908/2681 1831/1899/2682 1830/1897/2683 1838/1906/2684
f 1841/1909/2685 1829/1898/2686 1832/1900/2687 1840/1910/2688
f 1840/1910/2689 1832/1900/2690 1833/1901/2691 1842/1911/2692
f 1845/1912/2693 1835/1902/2694 1834/1903/2695
f 1845/1912/2696 1834/1903/2697 1843/1913/2698 1844/1914/2699
f 1843/1913/2700 1834/1903/2701 1831/1899/2702 1839/1908/2703
f 1842/1911/2704 1833/1901/2705 1836/1904/2706 1846/1915/2707
f 1846/1915/2708 1836/1904/2709 1835/1905/2710 1845/1916/2711
f 1845/1916/2712 1847/1917/2713 1846/1915/2714
f 1839/1918/2715 1838/1919/2716 1837/1920/2717 1848/1921/2718
f 1849/1922/2719 1841/1923/2720 1842/1924/2721 1847/1925/2722
f 1841/1923/2723 1840/1926/2724 1842/1924/2725
f 1843/1927/2726 1839/1918/2727 1848/1921/2728 1844/1928/2729
f 1842/1924/2730 1846/1929/2731 1847/1925/2732
f 1847/1930/2733 1845/1912/2734 1844/1914/2735
f 1851/1931/2736 1829/1932/2737 1841/1923/2738
f 1841/1923/2739 1850/1933/2740 1851/1931/2741
f 1852/1934/2742 1837/1920/2743 1829/1932/2744
f 1829/1932/2745 1851/1931/2746 1852/1934/2747
f 1850/1933/2748 1841/1923/2749 1849/1922/2750 1853/1935/2751
f 1854/1936/2752 1848/1921/2753 1837/1920/2754 1852/1934/2755
f 1853/1935/2756 1849/1922/2757 1847/1925/2758 1855/1937/2759
f 1855/1937/2760 1847/1925/2761 1844/1928/2762 1856/1938/2763
f 1856/1938/2764 1844/1928/2765 1848/1921/2766 1854/1936/2767
f 1860/1939/2768 1857/1940/2769 1858/1941/2770 1859/1942/2771
f 1859/1942/2772 1858/1941/2773 1861/1943/2774 1862/1944/2775
f 1864/1945/2776 1860/1939/2777 1859/1942/2778 1863/1946/2779
f 1863/1946/2780 1859/1942/2781 1862/1944/2782 1865/1947/2783
f 1867/1948/2784 1864/1945/2785 1863/1946/2786 1866/1949/2787
f 1866/1949/2788 1863/1946/2789 1865/1947/2790 1868/1950/2791
f 1870/1951/2792 1867/1948/2793 1866/1949/2794 1869/1952/2795
f 1869/1952/2796 1866/1949/2797 1868/1950/2798 1871/1953/2799
f 1873/1954/2800 1870/1951/2801 1869/1952/2802 1872/1955/2803
f 1872/1955/2804 1869/1952/2805 1871/1953/2806 1874/1956/2807
f 1876/1957/2808 1873/1954/2809 1872/1955/2810 1875/1958/2811
f 1875/1958/2812 1872/1955/2813 1874/1956/2814 1877/1959/2815
f 1879/1960/2816 1876/1961/2817 1875/1962/2818 1878/1963/2819
f 1878/1963/2820 1875/1962/2821 1877/1964/2822 1880/1965/2823
f 1857/1940/2824 1879/1960/2825 1878/1963/2826 1858/1941/2827
f 1858/1941/2828 1878/1963/2829 1880/1965/2830 1861/1943/2831
f 1884/1966/2832 1881/1967/2833 1882/1968/2834 1883/1969/2835
f 1886/1970/2836 1885/1971/2837 1881/1967/2838 1884/1966/2839
f 1888/1972/2840 1884/1966/2841 1883/1969/2842 1887/1973/2843
f 1889/1974/2844 1886/1970/2845 1884/1966/2846 1888/1972/2847
f 1873/1975/2848 1876/1976/2849 1879/1977/2850 1890/1978/2851
f 1890/1978/2852 1879/1977/2853 1857/1979/2854 1860/1980/2855
f 1870/1951/2856 1873/1975/2857 1890/1978/2858 1867/1948/2859
f 1867/1948/2860 1890/1978/2861 1860/1980/2862 1864/1945/2863
f 1881/1967/2864 1880/1965/2865 1877/1964/2866 1882/1968/2867
f 1882/1981/2868 1877/1959/2869 1874/1956/2870 1883/1982/2871
f 1885/1971/2872 1861/1943/2873 1880/1965/2874 1881/1967/2875
f 1886/1983/2876 1862/1944/2877 1861/1943/2878 1885/1971/2879
f 1883/1982/2880 1874/1956/2881 1871/1953/2882 1887/1984/2883
f 1887/1984/2884 1871/1953/2885 1868/1950/2886 1888/1985/2887
f 1888/1985/2888 1868/1950/2889 1865/1947/2890 1889/1986/2891
f 1889/1986/2892 1865/1947/2893 1862/1944/2894 1886/1983/2895
f 1894/1987/2896 1891/1988/2897 1892/1989/2898 1893/1990/2899
f 1893/1990/2900 1892/1989/2901 1895/1991/2902 1896/1992/2903
f 1898/1993/2904 1894/1987/2905 1893/1990/2906 1897/1994/2907
f 1897/1994/2908 1893/1990/2909 1896/1992/2910
f 1897/1994/2911 1896/1992/2912 1899/1995/2913 1900/1996/2914
f 1901/1997/2915 1898/1993/2916 1897/1994/2917 1900/1996/2918
f 1900/1996/2919 1899/1995/2920 1902/1998/2921 1903/1999/2922
f 1904/2000/2923 1901/1997/2924 1900/1996/2925 1903/1999/2926
f 1902/1998/2927 1905/2001/2928 1903/1999/2929
f 1907/2002/2930 1892/1989/2931 1891/1988/2932 1906/2003/2933
f 1908/2004/2934 1895/1991/2935 1892/1989/2936 1907/2002/2937
f 1906/2003/2938 1891/1988/2939 1894/1987/2940 1909/2005/2941
f 1910/2006/2942 1896/1992/2943 1895/1991/2944 1908/2004/2945
f 1909/2005/2946 1894/1987/2947 1898/1993/2948 1911/2007/2949
f 1912/2008/2950 1899/1995/2951 1896/1992/2952 1910/2006/2953
f 1911/2007/2954 1898/1993/2955 1901/1997/2956 1913/2009/2957
f 1914/2010/2958 1902/1998/2959 1899/1995/2960 1912/2008/2961
f 1913/2009/2962 1901/1997/2963 1904/2000/2964 1915/2011/2965
f 1916/2012/2966 1905/2001/2967 1902/1998/2968 1914/2010/2969
f 1920/2013/2970 1917/2014/2971 1918/2015/2972 1919/2016/2973
f 1919/2016/2974 1918/2015/2975 1921/2017/2976 1922/2018/2977
f 1924/2019/2978 1920/2013/2979 1919/2016/2980 1923/2020/2981
f 1923/2020/2982 1919/2016/2983 1922/2018/2984 1925/2021/2985
f 1927/2022/2986 1924/2019/2987 1923/2020/2988 1926/2023/2989
f 1926/2023/2990 1923/2020/2991 1925/2021/2992 1928/2024/2993
f 1930/2025/2994 1927/2022/2995 1926/2023/2996 1929/2026/2997
f 1929/2026/2998 1926/2023/2999 1928/2024/3000 1931/2027/3001
f 1933/2028/3002 1930/2029/3003 1929/2030/3004 1932/2031/3005
f 1932/2031/3006 1929/2030/3007 1931/2032/3008 1934/2033/3009
f 1936/2034/3010 1933/2028/3011 1932/2031/3012 1935/2035/3013
f 1935/2035/3014 1932/2031/3015 1934/2033/3016 1937/2036/3017
f 1939/2037/3018 1936/2034/3019 1935/2035/3020 1938/2038/3021
f 1938/2038/3022 1935/2035/3023 1937/2036/3024 1940/2039/3025
f 1917/2014/3026 1939/2037/3027 1938/2038/3028 1918/2015/3029
f 1918/2015/3030 1938/2038/3031 1940/2039/3032 1921/2017/3033
f 1944/2040/3034 1941/2041/3035 1942/2042/3036 1943/2043/3037
f 1946/2044/3038 1945/2045/3039 1941/2041/3040 1944/2040/3041
f 1948/2046/3042 1944/2040/3043 1943/2043/3044 1947/2047/3045
f 1949/2048/3046 1946/2044/3047 1944/2040/3048 1948/2046/3049
f 1933/2049/3050 1936/2050/3051 1939/2051/3052 1950/2052/3053
f 1950/2052/3054 1939/2051/3055 1917/2053/3056 1920/2054/3057
f 1930/2025/3058 1933/2049/3059 1950/2052/3060 1927/2022/3061
f 1927/2022/3062 1950/2052/3063 1920/2054/3064 1924/2019/3065
f 1941/2055/3066 1940/2039/3067 1937/2036/3068 1942/2056/3069
f 1942/2056/3070 1937/2036/3071 1934/2033/3072 1943/2057/3073
f 1945/2058/3074 1921/2017/3075 1940/2039/3076 1941/2055/3077
f 1946/2059/3078 1922/2018/3079 1921/2017/3080 1945/2058/3081
f 1943/2057/3082 1934/2033/3083 1931/2032/3084 1947/2060/3085
f 1947/2047/3086 1931/2027/3087 1928/2024/3088 1948/2046/3089
f 1948/2046/3090 1928/2024/3091 1925/2021/3092 1949/2048/3093
f 1949/2048/3094 1925/2021/3095 1922/2018/3096 1946/2059/3097
f 1954/2061/3098 1951/2062/3099 1952/2063/3100 1953/2064/3101
f 1956/2065/3102 1954/2061/3103 1953/2064/3104 1955/2066/3105
f 1960/2067/3106 1957/2068/3107 1958/2069/3108 1959/2070/3109
f 1962/2071/3110 1960/2067/3111 1959/2070/3112 1961/2072/3113
f 1958/2069/3114 1963/2073/3115 1964/2074/3116 1965/2075/3117
f 1959/2070/3118 1958/2069/3119 1965/2075/3120 1961/2072/3121
f 1962/2071/3122 1966/2076/3123 1957/2068/3124 1960/2067/3125
f 1957/2068/3126 1967/2077/3127 1968/2078/3128 1963/2073/3129
f 1963/2073/3130 1958/2069/3131 1957/2068/3132
f 1963/2073/3133 1968/2078/3134 1969/2079/3135 1964/2074/3136
f 1966/2076/3137 1970/2080/3138 1967/2077/3139 1957/2068/3140
f 1974/2081/3141 1971/2082/3142 1972/2083/3143 1973/2084/3144
f 1973/2084/3145 1972/2083/3146 1975/2085/3147 1976/2086/3148
f 1979/2087/3149 1977/2088/3150 1974/2081/3151 1978/2089/3152
f 1978/2089/3153 1974/2081/3154 1973/2084/3155 1976/2086/3156
f 1971/2082/3157 1980/2090/3158 1975/2085/3159 1972/2083/3160
f 1982/2091/3161 1981/2092/3162 1971/2082/3163
f 1982/2091/3164 1971/2082/3165 1974/2081/3166 1977/2088/3167
f 1983/2093/3168 1982/2091/3169 1977/2088/3170 1979/2087/3171
f 1981/2092/3172 1970/2094/3173 1980/2090/3174 1971/2082/3175
f 1987/2095/3176 1984/2096/3177 1985/2097/3178 1986/2098/3179
f 1989/2099/3180 1987/2095/3181 1986/2098/3182 1988/2100/3183
f 1991/2101/3184 1989/2099/3185 1988/2100/3186 1990/2102/3187
f 1984/2103/3188 1991/2101/3189 1990/2102/3190 1985/2104/3191
f 1986/2098/3192 1985/2097/3193 1990/2105/3194 1988/2106/3195
f 1989/2107/3196 1991/2108/3197 1984/2096/3198 1987/2095/3199
f 1995/2109/3200 1992/2110/3201 1993/2111/3202 1994/2112/3203
f 1997/2113/3204 1995/2109/3205 1994/2112/3206 1996/2114/3207
f 1999/2115/3208 1997/2113/3209 1996/2114/3210 1998/2116/3211
f 1992/2110/3212 1999/2117/3213 1998/2118/3214 1993/2111/3215
f 1994/2119/3216 1993/2120/3217 1998/2116/3218 1996/2114/3219
f 1997/2113/3220 1999/2115/3221 1992/2121/3222 1995/2122/3223
f 2003/2123/3224 2000/2124/3225 2001/2125/3226 2002/2126/3227
f 2005/2127/3228 2003/2128/3229 2002/2129/3230 2004/2130/3231
f 2007/2131/3232 2005/2127/3233 2004/2130/3234 2006/2132/3235
f 2000/2133/3236 2007/2131/3237 2006/2132/3238 2001/2134/3239
f 2002/2126/3240 2001/2125/3241 2006/2135/3242 2004/2136/3243
f 2005/2137/3244 2007/2138/3245 2000/2124/3246 2003/2123/3247
f 2011/2139/3248 2008/2140/3249 2009/2141/3250 2010/2142/3251
f 2013/2143/3252 2011/2139/3253 2010/2142/3254 2012/2144/3255
f 2015/2145/3256 2013/2146/3257 2012/2147/3258 2014/2148/3259
f 2008/2140/3260 2015/2145/3261 2014/2148/3262 2009/2141/3263
f 2010/2142/3264 2009/2149/3265 2014/2150/3266 2012/2144/3267
f 2013/2143/3268 2015/2151/3269 2008/2152/3270 2011/2139/3271
f 2019/2153/3272 2016/2154/3273 2017/2155/3274 2018/2156/3275
f 2021/2157/3276 2019/2153/3277 2018/2156/3278 2020/2158/3279
f 2023/2159/3280 2021/2157/3281 2020/2158/3282 2022/2160/3283
f 2016/2154/3284 2023/2161/3285 2022/2162/3286 2017/2155/3287
f 2018/2163/3288 2017/2164/3289 2022/2160/3290 2020/2158/3291
f 2021/2157/3292 2023/2159/3293 2016/2165/3294 2019/2166/3295
f 2027/2167/3296 2024/2168/3297 2025/2169/3298 2026/2170/3299
f 2026/2170/3300 2025/2169/3301 2028/2171/3302 2029/2172/3303
f 2029/2172/3304 2028/2171/3305 2030/2173/3306 2031/2174/3307
f 2031/2174/3308 2030/2173/3309 2032/2175/3310 2033/2176/3311
f 2033/2176/3312 2032/2175/3313 2034/2177/3314 2035/2178/3315
f 2035/2178/3316 2034/2177/3317 2024/2168/3318 2027/2167/3319
f 2029/2172/3320 2031/2174/3321 2035/2178/3322 2027/2167/3323
f 2031/2174/3324 2033/2176/3325 2035/2178/3326
f 2027/2167/3327 2026/2170/3328 2029/2172/3329
f 2039/2179/3330 2036/2180/3331 2037/2181/3332 2038/2182/3333
f 2041/2183/3334 2039/2179/3335 2038/2182/3336 2040/2184/3337
f 2036/2180/3338 2042/2185/3339 2043/2186/3340 2037/2181/3341
f 2038/2182/3342 2037/2181/3343 2043/2186/3344 2040/2184/3345
f 2041/2183/3346 2042/2185/3347 2036/2180/3348 2039/2179/3349
f 2047/2187/3350 2044/2188/3351 2045/2189/3352 2046/2190/3353
f 2049/2191/3354 2047/2187/3355 2046/2190/3356 2048/2192/3357
f 2051/2193/3358 2049/2194/3359 2048/2195/3360 2050/2196/3361
f 2044/2197/3362 2051/2198/3363 2050/2196/3364 2045/2189/3365
f 2046/2190/3366 2045/2189/3367 2050/2196/3368 2048/2195/3369
f 2049/2199/3370 2051/2200/3371 2044/2188/3372 2047/2187/3373
f 2055/2201/3374 2052/2202/3375 2053/2203/3376 2054/2204/3377
f 2057/2205/3378 2055/2201/3379 2054/2204/3380 2056/2206/3381
f 2059/2207/3382 2057/2205/3383 2056/2206/3384 2058/2208/3385
f 2052/2202/3386 2059/2209/3387 2058/2210/3388 2053/2203/3389
f 2054/2211/3390 2053/2212/3391 2058/2208/3392 2056/2206/3393
f 2057/2205/3394 2059/2207/3395 2052/2213/3396 2055/2214/3397
f 1793/1839/3398 1792/1838/3399 1751/1780/3400 1754/1787/3401
f 1776/1810/3402 1778/1815/3403 1792/1838/3404 1793/1839/3405
f 1778/1815/3406 1776/1810/3407 1775/1811/3408 1779/1816/3409
f 1779/1819/3410 1775/1812/3411 1777/1813/3412 1782/1820/3413
f 1788/1834/3414 1787/1831/3415 1782/1820/3416 1777/1813/3417
f 1758/1791/3418 1753/1785/3419 1787/1831/3420 1788/1834/3421
f 1755/1788/3422 1750/1783/3423 1753/1785/3424 1758/1791/3425
f 1754/1787/3426 1751/1780/3427 1750/1783/3428 1755/1788/3429
